frame_index,video_frame_no,cell_id,cell_row,cell_col,bin,count,value_norm
0,0,0,0,0,0,57,0.00347900390625
0,0,0,0,0,1,2,0.0001220703125
0,0,0,0,0,2,190,0.0115966796875
0,0,0,0,0,3,175,0.01068115234375
0,0,0,0,0,4,234,0.0142822265625
0,0,0,0,0,5,920,0.05615234375
0,0,0,0,0,6,1464,0.08935546875
0,0,0,0,0,7,2305,0.14068603515625
0,0,0,0,0,8,2156,0.131591796875
0,0,0,0,0,9,3512,0.21435546875
0,0,0,0,0,10,1186,0.0723876953125
0,0,0,0,0,11,1713,0.10455322265625
0,0,0,0,0,12,704,0.04296875
0,0,0,0,0,13,364,0.022216796875
0,0,0,0,0,14,221,0.01348876953125
0,0,0,0,0,15,46,0.0028076171875
0,0,0,0,0,16,742,0.0452880859375
0,0,0,0,0,17,393,0.02398681640625
0,0,1,0,1,0,20,0.001220703125
0,0,1,0,1,1,0,0.0
0,0,1,0,1,2,258,0.0157470703125
0,0,1,0,1,3,184,0.01123046875
0,0,1,0,1,4,165,0.01007080078125
0,0,1,0,1,5,716,0.043701171875
0,0,1,0,1,6,1245,0.07598876953125
0,0,1,0,1,7,2074,0.1265869140625
0,0,1,0,1,8,1891,0.11541748046875
0,0,1,0,1,9,3681,0.22467041015625
0,0,1,0,1,10,1057,0.06451416015625
0,0,1,0,1,11,1936,0.1181640625
0,0,1,0,1,12,708,0.043212890625
0,0,1,0,1,13,325,0.01983642578125
0,0,1,0,1,14,272,0.0166015625
0,0,1,0,1,15,83,0.00506591796875
0,0,1,0,1,16,1353,0.08258056640625
0,0,1,0,1,17,416,0.025390625
0,0,2,1,0,0,44,0.002685546875
0,0,2,1,0,1,2,0.0001220703125
0,0,2,1,0,2,236,0.014404296875
0,0,2,1,0,3,213,0.01300048828125
0,0,2,1,0,4,230,0.0140380859375
0,0,2,1,0,5,861,0.05255126953125
0,0,2,1,0,6,1372,0.083740234375
0,0,2,1,0,7,1933,0.11798095703125
0,0,2,1,0,8,1858,0.1134033203125
0,0,2,1,0,9,3376,0.2060546875
0,0,2,1,0,10,1245,0.07598876953125
0,0,2,1,0,11,1853,0.11309814453125
0,0,2,1,0,12,774,0.0472412109375
0,0,2,1,0,13,396,0.024169921875
0,0,2,1,0,14,251,0.01531982421875
0,0,2,1,0,15,76,0.004638671875
0,0,2,1,0,16,1104,0.0673828125
0,0,2,1,0,17,560,0.0341796875
0,0,3,1,1,0,6,0.0003662109375
0,0,3,1,1,1,0,0.0
0,0,3,1,1,2,107,0.00653076171875
0,0,3,1,1,3,113,0.00689697265625
0,0,3,1,1,4,98,0.0059814453125
0,0,3,1,1,5,710,0.0433349609375
0,0,3,1,1,6,1279,0.07806396484375
0,0,3,1,1,7,1650,0.1007080078125
0,0,3,1,1,8,1605,0.09796142578125
0,0,3,1,1,9,3883,0.23699951171875
0,0,3,1,1,10,843,0.05145263671875
0,0,3,1,1,11,2436,0.148681640625
0,0,3,1,1,12,870,0.0531005859375
0,0,3,1,1,13,412,0.025146484375
0,0,3,1,1,14,290,0.0177001953125
0,0,3,1,1,15,84,0.005126953125
0,0,3,1,1,16,1638,0.0999755859375
0,0,3,1,1,17,360,0.02197265625
1,1,0,0,0,0,131,0.00799560546875
1,1,0,0,0,1,299,0.01824951171875
1,1,0,0,0,2,348,0.021240234375
1,1,0,0,0,3,357,0.02178955078125
1,1,0,0,0,4,290,0.0177001953125
1,1,0,0,0,5,575,0.03509521484375
1,1,0,0,0,6,881,0.05377197265625
1,1,0,0,0,7,1848,0.11279296875
1,1,0,0,0,8,4713,0.28765869140625
1,1,0,0,0,9,1806,0.1102294921875
1,1,0,0,0,10,679,0.04144287109375
1,1,0,0,0,11,629,0.03839111328125
1,1,0,0,0,12,321,0.01959228515625
1,1,0,0,0,13,288,0.017578125
1,1,0,0,0,14,292,0.017822265625
1,1,0,0,0,15,375,0.02288818359375
1,1,0,0,0,16,962,0.0587158203125
1,1,0,0,0,17,1590,0.0970458984375
1,1,1,0,1,0,171,0.01043701171875
1,1,1,0,1,1,243,0.01483154296875
1,1,1,0,1,2,258,0.0157470703125
1,1,1,0,1,3,304,0.0185546875
1,1,1,0,1,4,358,0.0218505859375
1,1,1,0,1,5,628,0.038330078125
1,1,1,0,1,6,1036,0.063232421875
1,1,1,0,1,7,2237,0.13653564453125
1,1,1,0,1,8,4043,0.24676513671875
1,1,1,0,1,9,2366,0.1444091796875
1,1,1,0,1,10,997,0.06085205078125
1,1,1,0,1,11,730,0.0445556640625
1,1,1,0,1,12,459,0.02801513671875
1,1,1,0,1,13,291,0.01776123046875
1,1,1,0,1,14,265,0.01617431640625
1,1,1,0,1,15,199,0.01214599609375
1,1,1,0,1,16,507,0.03094482421875
1,1,1,0,1,17,1292,0.078857421875
1,1,2,1,0,0,168,0.01025390625
1,1,2,1,0,1,216,0.01318359375
1,1,2,1,0,2,253,0.01544189453125
1,1,2,1,0,3,418,0.0255126953125
1,1,2,1,0,4,349,0.02130126953125
1,1,2,1,0,5,569,0.03472900390625
1,1,2,1,0,6,847,0.05169677734375
1,1,2,1,0,7,2250,0.1373291015625
1,1,2,1,0,8,3873,0.23638916015625
1,1,2,1,0,9,2436,0.148681640625
1,1,2,1,0,10,1008,0.0615234375
1,1,2,1,0,11,716,0.043701171875
1,1,2,1,0,12,433,0.02642822265625
1,1,2,1,0,13,393,0.02398681640625
1,1,2,1,0,14,306,0.0186767578125
1,1,2,1,0,15,238,0.0145263671875
1,1,2,1,0,16,625,0.03814697265625
1,1,2,1,0,17,1286,0.0784912109375
1,1,3,1,1,0,107,0.00653076171875
1,1,3,1,1,1,133,0.00811767578125
1,1,3,1,1,2,245,0.01495361328125
1,1,3,1,1,3,274,0.0167236328125
1,1,3,1,1,4,321,0.01959228515625
1,1,3,1,1,5,580,0.035400390625
1,1,3,1,1,6,955,0.05828857421875
1,1,3,1,1,7,1926,0.1175537109375
1,1,3,1,1,8,2978,0.1817626953125
1,1,3,1,1,9,2596,0.158447265625
1,1,3,1,1,10,1065,0.06500244140625
1,1,3,1,1,11,1156,0.070556640625
1,1,3,1,1,12,526,0.0321044921875
1,1,3,1,1,13,423,0.02581787109375
1,1,3,1,1,14,363,0.02215576171875
1,1,3,1,1,15,230,0.0140380859375
1,1,3,1,1,16,1455,0.08880615234375
1,1,3,1,1,17,1051,0.06414794921875
2,2,0,0,0,0,127,0.00775146484375
2,2,0,0,0,1,273,0.01666259765625
2,2,0,0,0,2,314,0.0191650390625
2,2,0,0,0,3,344,0.02099609375
2,2,0,0,0,4,322,0.0196533203125
2,2,0,0,0,5,589,0.03594970703125
2,2,0,0,0,6,947,0.05780029296875
2,2,0,0,0,7,1867,0.11395263671875
2,2,0,0,0,8,4716,0.287841796875
2,2,0,0,0,9,1747,0.10662841796875
2,2,0,0,0,10,690,0.0421142578125
2,2,0,0,0,11,653,0.03985595703125
2,2,0,0,0,12,333,0.02032470703125
2,2,0,0,0,13,248,0.01513671875
2,2,0,0,0,14,339,0.02069091796875
2,2,0,0,0,15,375,0.02288818359375
2,2,0,0,0,16,888,0.05419921875
2,2,0,0,0,17,1612,0.098388671875
2,2,1,0,1,0,167,0.01019287109375
2,2,1,0,1,1,211,0.01287841796875
2,2,1,0,1,2,280,0.01708984375
2,2,1,0,1,3,310,0.0189208984375
2,2,1,0,1,4,366,0.0223388671875
2,2,1,0,1,5,653,0.03985595703125
2,2,1,0,1,6,1031,0.06292724609375
2,2,1,0,1,7,2253,0.13751220703125
2,2,1,0,1,8,4029,0.24591064453125
2,2,1,0,1,9,2378,0.1451416015625
2,2,1,0,1,10,1038,0.0633544921875
2,2,1,0,1,11,747,0.04559326171875
2,2,1,0,1,12,431,0.02630615234375
2,2,1,0,1,13,319,0.01947021484375
2,2,1,0,1,14,240,0.0146484375
2,2,1,0,1,15,198,0.0120849609375
2,2,1,0,1,16,518,0.0316162109375
2,2,1,0,1,17,1215,0.07415771484375
2,2,2,1,0,0,160,0.009765625
2,2,2,1,0,1,230,0.0140380859375
2,2,2,1,0,2,264,0.01611328125
2,2,2,1,0,3,385,0.02349853515625
2,2,2,1,0,4,375,0.02288818359375
2,2,2,1,0,5,540,0.032958984375
2,2,2,1,0,6,850,0.0518798828125
2,2,2,1,0,7,2287,0.13958740234375
2,2,2,1,0,8,3939,0.24041748046875
2,2,2,1,0,9,2354,0.1436767578125
2,2,2,1,0,10,961,0.05865478515625
2,2,2,1,0,11,726,0.0443115234375
2,2,2,1,0,12,453,0.02764892578125
2,2,2,1,0,13,336,0.0205078125
2,2,2,1,0,14,317,0.01934814453125
2,2,2,1,0,15,228,0.013916015625
2,2,2,1,0,16,643,0.03924560546875
2,2,2,1,0,17,1336,0.08154296875
2,2,3,1,1,0,109,0.00665283203125
2,2,3,1,1,1,144,0.0087890625
2,2,3,1,1,2,227,0.01385498046875
2,2,3,1,1,3,288,0.017578125
2,2,3,1,1,4,334,0.0203857421875
2,2,3,1,1,5,520,0.03173828125
2,2,3,1,1,6,896,0.0546875
2,2,3,1,1,7,1985,0.12115478515625
2,2,3,1,1,8,3004,0.183349609375
2,2,3,1,1,9,2633,0.16070556640625
2,2,3,1,1,10,1062,0.0648193359375
2,2,3,1,1,11,1143,0.06976318359375
2,2,3,1,1,12,538,0.0328369140625
2,2,3,1,1,13,408,0.02490234375
2,2,3,1,1,14,373,0.02276611328125
2,2,3,1,1,15,242,0.0147705078125
2,2,3,1,1,16,1376,0.083984375
2,2,3,1,1,17,1102,0.0672607421875
3,3,0,0,0,0,125,0.00762939453125
3,3,0,0,0,1,275,0.01678466796875
3,3,0,0,0,2,310,0.0189208984375
3,3,0,0,0,3,324,0.019775390625
3,3,0,0,0,4,325,0.01983642578125
3,3,0,0,0,5,620,0.037841796875
3,3,0,0,0,6,919,0.05609130859375
3,3,0,0,0,7,1889,0.11529541015625
3,3,0,0,0,8,4689,0.28619384765625
3,3,0,0,0,9,1782,0.1087646484375
3,3,0,0,0,10,711,0.04339599609375
3,3,0,0,0,11,623,0.03802490234375
3,3,0,0,0,12,328,0.02001953125
3,3,0,0,0,13,265,0.01617431640625
3,3,0,0,0,14,356,0.021728515625
3,3,0,0,0,15,407,0.02484130859375
3,3,0,0,0,16,861,0.05255126953125
3,3,0,0,0,17,1575,0.09613037109375
3,3,1,0,1,0,148,0.009033203125
3,3,1,0,1,1,238,0.0145263671875
3,3,1,0,1,2,295,0.01800537109375
3,3,1,0,1,3,300,0.018310546875
3,3,1,0,1,4,360,0.02197265625
3,3,1,0,1,5,656,0.0400390625
3,3,1,0,1,6,1092,0.066650390625
3,3,1,0,1,7,2154,0.1314697265625
3,3,1,0,1,8,4001,0.24420166015625
3,3,1,0,1,9,2393,0.14605712890625
3,3,1,0,1,10,1066,0.0650634765625
3,3,1,0,1,11,729,0.04449462890625
3,3,1,0,1,12,421,0.02569580078125
3,3,1,0,1,13,341,0.02081298828125
3,3,1,0,1,14,273,0.01666259765625
3,3,1,0,1,15,183,0.01116943359375
3,3,1,0,1,16,470,0.0286865234375
3,3,1,0,1,17,1264,0.0771484375
3,3,2,1,0,0,161,0.00982666015625
3,3,2,1,0,1,211,0.01287841796875
3,3,2,1,0,2,309,0.01885986328125
3,3,2,1,0,3,375,0.02288818359375
3,3,2,1,0,4,347,0.02117919921875
3,3,2,1,0,5,579,0.03533935546875
3,3,2,1,0,6,898,0.0548095703125
3,3,2,1,0,7,2285,0.13946533203125
3,3,2,1,0,8,3940,0.240478515625
3,3,2,1,0,9,2356,0.143798828125
3,3,2,1,0,10,965,0.05889892578125
3,3,2,1,0,11,748,0.045654296875
3,3,2,1,0,12,396,0.024169921875
3,3,2,1,0,13,418,0.0255126953125
3,3,2,1,0,14,287,0.01751708984375
3,3,2,1,0,15,225,0.01373291015625
3,3,2,1,0,16,628,0.038330078125
3,3,2,1,0,17,1256,0.07666015625
3,3,3,1,1,0,113,0.00689697265625
3,3,3,1,1,1,145,0.00885009765625
3,3,3,1,1,2,247,0.01507568359375
3,3,3,1,1,3,300,0.018310546875
3,3,3,1,1,4,290,0.0177001953125
3,3,3,1,1,5,496,0.0302734375
3,3,3,1,1,6,901,0.05499267578125
3,3,3,1,1,7,1922,0.1173095703125
3,3,3,1,1,8,3041,0.18560791015625
3,3,3,1,1,9,2522,0.1539306640625
3,3,3,1,1,10,1089,0.06646728515625
3,3,3,1,1,11,1130,0.0689697265625
3,3,3,1,1,12,553,0.03375244140625
3,3,3,1,1,13,403,0.02459716796875
3,3,3,1,1,14,385,0.02349853515625
3,3,3,1,1,15,221,0.01348876953125
3,3,3,1,1,16,1426,0.0870361328125
3,3,3,1,1,17,1200,0.0732421875
4,4,0,0,0,0,138,0.0084228515625
4,4,0,0,0,1,305,0.01861572265625
4,4,0,0,0,2,262,0.0159912109375
4,4,0,0,0,3,351,0.02142333984375
4,4,0,0,0,4,345,0.02105712890625
4,4,0,0,0,5,595,0.03631591796875
4,4,0,0,0,6,960,0.05859375
4,4,0,0,0,7,1853,0.11309814453125
4,4,0,0,0,8,4753,0.29010009765625
4,4,0,0,0,9,1705,0.10406494140625
4,4,0,0,0,10,715,0.04364013671875
4,4,0,0,0,11,655,0.03997802734375
4,4,0,0,0,12,332,0.020263671875
4,4,0,0,0,13,288,0.017578125
4,4,0,0,0,14,309,0.01885986328125
4,4,0,0,0,15,386,0.0235595703125
4,4,0,0,0,16,842,0.0513916015625
4,4,0,0,0,17,1590,0.0970458984375
4,4,1,0,1,0,148,0.009033203125
4,4,1,0,1,1,241,0.01470947265625
4,4,1,0,1,2,247,0.01507568359375
4,4,1,0,1,3,341,0.02081298828125
4,4,1,0,1,4,344,0.02099609375
4,4,1,0,1,5,661,0.04034423828125
4,4,1,0,1,6,1062,0.0648193359375
4,4,1,0,1,7,2184,0.13330078125
4,4,1,0,1,8,4073,0.24859619140625
4,4,1,0,1,9,2312,0.14111328125
4,4,1,0,1,10,1080,0.06591796875
4,4,1,0,1,11,713,0.04351806640625
4,4,1,0,1,12,435,0.02655029296875
4,4,1,0,1,13,328,0.02001953125
4,4,1,0,1,14,243,0.01483154296875
4,4,1,0,1,15,180,0.010986328125
4,4,1,0,1,16,518,0.0316162109375
4,4,1,0,1,17,1274,0.0777587890625
4,4,2,1,0,0,160,0.009765625
4,4,2,1,0,1,204,0.012451171875
4,4,2,1,0,2,268,0.016357421875
4,4,2,1,0,3,400,0.0244140625
4,4,2,1,0,4,398,0.0242919921875
4,4,2,1,0,5,546,0.0333251953125
4,4,2,1,0,6,935,0.05706787109375
4,4,2,1,0,7,2244,0.136962890625
4,4,2,1,0,8,4044,0.246826171875
4,4,2,1,0,9,2413,0.14727783203125
4,4,2,1,0,10,883,0.05389404296875
4,4,2,1,0,11,705,0.04302978515625
4,4,2,1,0,12,422,0.0257568359375
4,4,2,1,0,13,392,0.02392578125
4,4,2,1,0,14,310,0.0189208984375
4,4,2,1,0,15,228,0.013916015625
4,4,2,1,0,16,588,0.035888671875
4,4,2,1,0,17,1244,0.075927734375
4,4,3,1,1,0,106,0.0064697265625
4,4,3,1,1,1,175,0.01068115234375
4,4,3,1,1,2,226,0.0137939453125
4,4,3,1,1,3,283,0.01727294921875
4,4,3,1,1,4,310,0.0189208984375
4,4,3,1,1,5,530,0.0323486328125
4,4,3,1,1,6,900,0.054931640625
4,4,3,1,1,7,1898,0.1158447265625
4,4,3,1,1,8,2966,0.1810302734375
4,4,3,1,1,9,2625,0.16021728515625
4,4,3,1,1,10,1033,0.06304931640625
4,4,3,1,1,11,1162,0.0709228515625
4,4,3,1,1,12,541,0.03302001953125
4,4,3,1,1,13,409,0.02496337890625
4,4,3,1,1,14,364,0.022216796875
4,4,3,1,1,15,223,0.01361083984375
4,4,3,1,1,16,1428,0.087158203125
4,4,3,1,1,17,1205,0.07354736328125
5,5,0,0,0,0,27,0.00164794921875
5,5,0,0,0,1,9,0.00054931640625
5,5,0,0,0,2,151,0.00921630859375
5,5,0,0,0,3,209,0.01275634765625
5,5,0,0,0,4,170,0.0103759765625
5,5,0,0,0,5,1272,0.07763671875
5,5,0,0,0,6,1254,0.0765380859375
5,5,0,0,0,7,1811,0.11053466796875
5,5,0,0,0,8,2082,0.1270751953125
5,5,0,0,0,9,3037,0.18536376953125
5,5,0,0,0,10,1190,0.0726318359375
5,5,0,0,0,11,1806,0.1102294921875
5,5,0,0,0,12,1093,0.06671142578125
5,5,0,0,0,13,561,0.03424072265625
5,5,0,0,0,14,156,0.009521484375
5,5,0,0,0,15,59,0.00360107421875
5,5,0,0,0,16,1016,0.06201171875
5,5,0,0,0,17,481,0.02935791015625
5,5,1,0,1,0,15,0.00091552734375
5,5,1,0,1,1,22,0.0013427734375
5,5,1,0,1,2,75,0.00457763671875
5,5,1,0,1,3,165,0.01007080078125
5,5,1,0,1,4,76,0.004638671875
5,5,1,0,1,5,1105,0.06744384765625
5,5,1,0,1,6,1131,0.06903076171875
5,5,1,0,1,7,1322,0.0806884765625
5,5,1,0,1,8,1631,0.09954833984375
5,5,1,0,1,9,2798,0.1707763671875
5,5,1,0,1,10,936,0.05712890625
5,5,1,0,1,11,2055,0.12542724609375
5,5,1,0,1,12,1258,0.0767822265625
5,5,1,0,1,13,597,0.03643798828125
5,5,1,0,1,14,251,0.01531982421875
5,5,1,0,1,15,152,0.00927734375
5,5,1,0,1,16,2295,0.14007568359375
5,5,1,0,1,17,500,0.030517578125
5,5,2,1,0,0,30,0.0018310546875
5,5,2,1,0,1,15,0.00091552734375
5,5,2,1,0,2,198,0.0120849609375
5,5,2,1,0,3,219,0.01336669921875
5,5,2,1,0,4,135,0.00823974609375
5,5,2,1,0,5,1174,0.0716552734375
5,5,2,1,0,6,1201,0.07330322265625
5,5,2,1,0,7,1613,0.09844970703125
5,5,2,1,0,8,1746,0.1065673828125
5,5,2,1,0,9,2925,0.17852783203125
5,5,2,1,0,10,1067,0.06512451171875
5,5,2,1,0,11,1928,0.11767578125
5,5,2,1,0,12,1149,0.07012939453125
5,5,2,1,0,13,577,0.03521728515625
5,5,2,1,0,14,224,0.013671875
5,5,2,1,0,15,93,0.00567626953125
5,5,2,1,0,16,1518,0.0926513671875
5,5,2,1,0,17,572,0.034912109375
5,5,3,1,1,0,13,0.00079345703125
5,5,3,1,1,1,25,0.00152587890625
5,5,3,1,1,2,83,0.00506591796875
5,5,3,1,1,3,157,0.00958251953125
5,5,3,1,1,4,70,0.0042724609375
5,5,3,1,1,5,886,0.0540771484375
5,5,3,1,1,6,1004,0.061279296875
5,5,3,1,1,7,1256,0.07666015625
5,5,3,1,1,8,1269,0.07745361328125
5,5,3,1,1,9,3224,0.19677734375
5,5,3,1,1,10,760,0.04638671875
5,5,3,1,1,11,2258,0.1378173828125
5,5,3,1,1,12,1191,0.07269287109375
5,5,3,1,1,13,568,0.03466796875
5,5,3,1,1,14,288,0.017578125
5,5,3,1,1,15,135,0.00823974609375
5,5,3,1,1,16,2681,0.16363525390625
5,5,3,1,1,17,516,0.031494140625
6,6,0,0,0,0,42,0.0025634765625
6,6,0,0,0,1,28,0.001708984375
6,6,0,0,0,2,168,0.01025390625
6,6,0,0,0,3,184,0.01123046875
6,6,0,0,0,4,157,0.00958251953125
6,6,0,0,0,5,1310,0.0799560546875
6,6,0,0,0,6,1269,0.07745361328125
6,6,0,0,0,7,1802,0.1099853515625
6,6,0,0,0,8,2110,0.1287841796875
6,6,0,0,0,9,2969,0.18121337890625
6,6,0,0,0,10,1212,0.073974609375
6,6,0,0,0,11,1819,0.11102294921875
6,6,0,0,0,12,1086,0.0662841796875
6,6,0,0,0,13,543,0.03314208984375
6,6,0,0,0,14,175,0.01068115234375
6,6,0,0,0,15,57,0.00347900390625
6,6,0,0,0,16,939,0.05731201171875
6,6,0,0,0,17,514,0.0313720703125
6,6,1,0,1,0,11,0.00067138671875
6,6,1,0,1,1,17,0.00103759765625
6,6,1,0,1,2,71,0.00433349609375
6,6,1,0,1,3,136,0.00830078125
6,6,1,0,1,4,80,0.0048828125
6,6,1,0,1,5,1075,0.06561279296875
6,6,1,0,1,6,1118,0.0682373046875
6,6,1,0,1,7,1302,0.0794677734375
6,6,1,0,1,8,1530,0.0933837890625
6,6,1,0,1,9,2804,0.171142578125
6,6,1,0,1,10,927,0.05657958984375
6,6,1,0,1,11,2184,0.13330078125
6,6,1,0,1,12,1278,0.0780029296875
6,6,1,0,1,13,557,0.03399658203125
6,6,1,0,1,14,267,0.01629638671875
6,6,1,0,1,15,157,0.00958251953125
6,6,1,0,1,16,2436,0.148681640625
6,6,1,0,1,17,434,0.0264892578125
6,6,2,1,0,0,23,0.00140380859375
6,6,2,1,0,1,14,0.0008544921875
6,6,2,1,0,2,182,0.0111083984375
6,6,2,1,0,3,199,0.01214599609375
6,6,2,1,0,4,139,0.00848388671875
6,6,2,1,0,5,1184,0.072265625
6,6,2,1,0,6,1217,0.07427978515625
6,6,2,1,0,7,1671,0.10198974609375
6,6,2,1,0,8,1846,0.1126708984375
6,6,2,1,0,9,2900,0.177001953125
6,6,2,1,0,10,1098,0.0670166015625
6,6,2,1,0,11,1898,0.1158447265625
6,6,2,1,0,12,1165,0.07110595703125
6,6,2,1,0,13,497,0.03033447265625
6,6,2,1,0,14,205,0.01251220703125
6,6,2,1,0,15,91,0.00555419921875
6,6,2,1,0,16,1497,0.09136962890625
6,6,2,1,0,17,558,0.0340576171875
6,6,3,1,1,0,5,0.00030517578125
6,6,3,1,1,1,30,0.0018310546875
6,6,3,1,1,2,83,0.00506591796875
6,6,3,1,1,3,166,0.0101318359375
6,6,3,1,1,4,82,0.0050048828125
6,6,3,1,1,5,896,0.0546875
6,6,3,1,1,6,982,0.0599365234375
6,6,3,1,1,7,1277,0.07794189453125
6,6,3,1,1,8,1231,0.07513427734375
6,6,3,1,1,9,3231,0.19720458984375
6,6,3,1,1,10,773,0.04718017578125
6,6,3,1,1,11,2214,0.1351318359375
6,6,3,1,1,12,1203,0.07342529296875
6,6,3,1,1,13,526,0.0321044921875
6,6,3,1,1,14,286,0.0174560546875
6,6,3,1,1,15,124,0.007568359375
6,6,3,1,1,16,2703,0.16497802734375
6,6,3,1,1,17,572,0.034912109375
7,7,0,0,0,0,117,0.00714111328125
7,7,0,0,0,1,264,0.01611328125
7,7,0,0,0,2,273,0.01666259765625
7,7,0,0,0,3,359,0.02191162109375
7,7,0,0,0,4,313,0.01910400390625
7,7,0,0,0,5,566,0.0345458984375
7,7,0,0,0,6,953,0.05816650390625
7,7,0,0,0,7,1969,0.12017822265625
7,7,0,0,0,8,4631,0.28265380859375
7,7,0,0,0,9,1760,0.107421875
7,7,0,0,0,10,720,0.0439453125
7,7,0,0,0,11,598,0.0364990234375
7,7,0,0,0,12,344,0.02099609375
7,7,0,0,0,13,306,0.0186767578125
7,7,0,0,0,14,272,0.0166015625
7,7,0,0,0,15,368,0.0224609375
7,7,0,0,0,16,945,0.05767822265625
7,7,0,0,0,17,1626,0.0992431640625
7,7,1,0,1,0,142,0.0086669921875
7,7,1,0,1,1,227,0.01385498046875
7,7,1,0,1,2,286,0.0174560546875
7,7,1,0,1,3,340,0.020751953125
7,7,1,0,1,4,345,0.02105712890625
7,7,1,0,1,5,635,0.03875732421875
7,7,1,0,1,6,966,0.0589599609375
7,7,1,0,1,7,2177,0.13287353515625
7,7,1,0,1,8,4240,0.2587890625
7,7,1,0,1,9,2298,0.1402587890625
7,7,1,0,1,10,1054,0.0643310546875
7,7,1,0,1,11,687,0.04193115234375
7,7,1,0,1,12,469,0.02862548828125
7,7,1,0,1,13,327,0.01995849609375
7,7,1,0,1,14,240,0.0146484375
7,7,1,0,1,15,203,0.01239013671875
7,7,1,0,1,16,446,0.0272216796875
7,7,1,0,1,17,1302,0.0794677734375
7,7,2,1,0,0,181,0.01104736328125
7,7,2,1,0,1,149,0.00909423828125
7,7,2,1,0,2,272,0.0166015625
7,7,2,1,0,3,462,0.0281982421875
7,7,2,1,0,4,404,0.024658203125
7,7,2,1,0,5,564,0.034423828125
7,7,2,1,0,6,895,0.05462646484375
7,7,2,1,0,7,2298,0.1402587890625
7,7,2,1,0,8,4122,0.2515869140625
7,7,2,1,0,9,2386,0.1456298828125
7,7,2,1,0,10,866,0.0528564453125
7,7,2,1,0,11,697,0.04254150390625
7,7,2,1,0,12,393,0.02398681640625
7,7,2,1,0,13,332,0.020263671875
7,7,2,1,0,14,304,0.0185546875
7,7,2,1,0,15,212,0.012939453125
7,7,2,1,0,16,597,0.03643798828125
7,7,2,1,0,17,1250,0.0762939453125
7,7,3,1,1,0,109,0.00665283203125
7,7,3,1,1,1,162,0.0098876953125
7,7,3,1,1,2,248,0.01513671875
7,7,3,1,1,3,338,0.0206298828125
7,7,3,1,1,4,301,0.01837158203125
7,7,3,1,1,5,573,0.03497314453125
7,7,3,1,1,6,910,0.0555419921875
7,7,3,1,1,7,1903,0.11614990234375
7,7,3,1,1,8,3092,0.188720703125
7,7,3,1,1,9,2450,0.1495361328125
7,7,3,1,1,10,1074,0.0655517578125
7,7,3,1,1,11,1088,0.06640625
7,7,3,1,1,12,522,0.0318603515625
7,7,3,1,1,13,439,0.02679443359375
7,7,3,1,1,14,363,0.02215576171875
7,7,3,1,1,15,243,0.01483154296875
7,7,3,1,1,16,1402,0.0855712890625
7,7,3,1,1,17,1167,0.07122802734375
8,8,0,0,0,0,113,0.00689697265625
8,8,0,0,0,1,263,0.01605224609375
8,8,0,0,0,2,246,0.0150146484375
8,8,0,0,0,3,353,0.02154541015625
8,8,0,0,0,4,308,0.018798828125
8,8,0,0,0,5,618,0.0377197265625
8,8,0,0,0,6,973,0.05938720703125
8,8,0,0,0,7,1927,0.11761474609375
8,8,0,0,0,8,4662,0.2845458984375
8,8,0,0,0,9,1731,0.10565185546875
8,8,0,0,0,10,719,0.04388427734375
8,8,0,0,0,11,651,0.03973388671875
8,8,0,0,0,12,295,0.01800537109375
8,8,0,0,0,13,283,0.01727294921875
8,8,0,0,0,14,300,0.018310546875
8,8,0,0,0,15,405,0.02471923828125
8,8,0,0,0,16,943,0.05755615234375
8,8,0,0,0,17,1594,0.0972900390625
8,8,1,0,1,0,169,0.01031494140625
8,8,1,0,1,1,201,0.01226806640625
8,8,1,0,1,2,279,0.01702880859375
8,8,1,0,1,3,333,0.02032470703125
8,8,1,0,1,4,360,0.02197265625
8,8,1,0,1,5,641,0.03912353515625
8,8,1,0,1,6,1056,0.064453125
8,8,1,0,1,7,2094,0.1278076171875
8,8,1,0,1,8,4278,0.2611083984375
8,8,1,0,1,9,2334,0.1424560546875
8,8,1,0,1,10,1025,0.06256103515625
8,8,1,0,1,11,674,0.0411376953125
8,8,1,0,1,12,430,0.0262451171875
8,8,1,0,1,13,325,0.01983642578125
8,8,1,0,1,14,241,0.01470947265625
8,8,1,0,1,15,203,0.01239013671875
8,8,1,0,1,16,432,0.0263671875
8,8,1,0,1,17,1309,0.07989501953125
8,8,2,1,0,0,161,0.00982666015625
8,8,2,1,0,1,183,0.01116943359375
8,8,2,1,0,2,257,0.01568603515625
8,8,2,1,0,3,430,0.0262451171875
8,8,2,1,0,4,405,0.02471923828125
8,8,2,1,0,5,576,0.03515625
8,8,2,1,0,6,930,0.0567626953125
8,8,2,1,0,7,2317,0.14141845703125
8,8,2,1,0,8,4018,0.2452392578125
8,8,2,1,0,9,2389,0.14581298828125
8,8,2,1,0,10,949,0.05792236328125
8,8,2,1,0,11,629,0.03839111328125
8,8,2,1,0,12,436,0.026611328125
8,8,2,1,0,13,333,0.02032470703125
8,8,2,1,0,14,310,0.0189208984375
8,8,2,1,0,15,194,0.0118408203125
8,8,2,1,0,16,562,0.0343017578125
8,8,2,1,0,17,1305,0.07965087890625
8,8,3,1,1,0,130,0.0079345703125
8,8,3,1,1,1,175,0.01068115234375
8,8,3,1,1,2,226,0.0137939453125
8,8,3,1,1,3,315,0.01922607421875
8,8,3,1,1,4,291,0.01776123046875
8,8,3,1,1,5,563,0.03436279296875
8,8,3,1,1,6,898,0.0548095703125
8,8,3,1,1,7,1936,0.1181640625
8,8,3,1,1,8,2993,0.18267822265625
8,8,3,1,1,9,2580,0.157470703125
8,8,3,1,1,10,1055,0.06439208984375
8,8,3,1,1,11,1068,0.065185546875
8,8,3,1,1,12,566,0.0345458984375
8,8,3,1,1,13,391,0.02386474609375
8,8,3,1,1,14,367,0.02239990234375
8,8,3,1,1,15,211,0.01287841796875
8,8,3,1,1,16,1406,0.0858154296875
8,8,3,1,1,17,1213,0.07403564453125
9,9,0,0,0,0,138,0.0084228515625
9,9,0,0,0,1,249,0.01519775390625
9,9,0,0,0,2,257,0.01568603515625
9,9,0,0,0,3,327,0.01995849609375
9,9,0,0,0,4,308,0.018798828125
9,9,0,0,0,5,580,0.035400390625
9,9,0,0,0,6,927,0.05657958984375
9,9,0,0,0,7,1921,0.11724853515625
9,9,0,0,0,8,4712,0.28759765625
9,9,0,0,0,9,1724,0.105224609375
9,9,0,0,0,10,741,0.04522705078125
9,9,0,0,0,11,625,0.03814697265625
9,9,0,0,0,12,318,0.0194091796875
9,9,0,0,0,13,288,0.017578125
9,9,0,0,0,14,321,0.01959228515625
9,9,0,0,0,15,412,0.025146484375
9,9,0,0,0,16,964,0.058837890625
9,9,0,0,0,17,1572,0.095947265625
9,9,1,0,1,0,162,0.0098876953125
9,9,1,0,1,1,218,0.0133056640625
9,9,1,0,1,2,295,0.01800537109375
9,9,1,0,1,3,332,0.020263671875
9,9,1,0,1,4,328,0.02001953125
9,9,1,0,1,5,655,0.03997802734375
9,9,1,0,1,6,1022,0.0623779296875
9,9,1,0,1,7,2153,0.13140869140625
9,9,1,0,1,8,4350,0.2655029296875
9,9,1,0,1,9,2227,0.13592529296875
9,9,1,0,1,10,1005,0.06134033203125
9,9,1,0,1,11,725,0.04425048828125
9,9,1,0,1,12,425,0.02593994140625
9,9,1,0,1,13,319,0.01947021484375
9,9,1,0,1,14,239,0.01458740234375
9,9,1,0,1,15,205,0.01251220703125
9,9,1,0,1,16,420,0.025634765625
9,9,1,0,1,17,1304,0.07958984375
9,9,2,1,0,0,158,0.0096435546875
9,9,2,1,0,1,177,0.01080322265625
9,9,2,1,0,2,289,0.01763916015625
9,9,2,1,0,3,419,0.02557373046875
9,9,2,1,0,4,423,0.02581787109375
9,9,2,1,0,5,566,0.0345458984375
9,9,2,1,0,6,903,0.05511474609375
9,9,2,1,0,7,2273,0.13873291015625
9,9,2,1,0,8,4225,0.25787353515625
9,9,2,1,0,9,2447,0.14935302734375
9,9,2,1,0,10,819,0.04998779296875
9,9,2,1,0,11,660,0.040283203125
9,9,2,1,0,12,382,0.0233154296875
9,9,2,1,0,13,340,0.020751953125
9,9,2,1,0,14,308,0.018798828125
9,9,2,1,0,15,208,0.0126953125
9,9,2,1,0,16,527,0.03216552734375
9,9,2,1,0,17,1260,0.076904296875
9,9,3,1,1,0,135,0.00823974609375
9,9,3,1,1,1,159,0.00970458984375
9,9,3,1,1,2,272,0.0166015625
9,9,3,1,1,3,284,0.017333984375
9,9,3,1,1,4,308,0.018798828125
9,9,3,1,1,5,528,0.0322265625
9,9,3,1,1,6,853,0.05206298828125
9,9,3,1,1,7,1994,0.1217041015625
9,9,3,1,1,8,3077,0.18780517578125
9,9,3,1,1,9,2518,0.1536865234375
9,9,3,1,1,10,1101,0.06719970703125
9,9,3,1,1,11,1059,0.06463623046875
9,9,3,1,1,12,532,0.032470703125
9,9,3,1,1,13,431,0.02630615234375
9,9,3,1,1,14,353,0.02154541015625
9,9,3,1,1,15,230,0.0140380859375
9,9,3,1,1,16,1338,0.0816650390625
9,9,3,1,1,17,1212,0.073974609375
10,10,0,0,0,0,33,0.00201416015625
10,10,0,0,0,1,2,0.0001220703125
10,10,0,0,0,2,236,0.014404296875
10,10,0,0,0,3,197,0.01202392578125
10,10,0,0,0,4,207,0.01263427734375
10,10,0,0,0,5,1043,0.06365966796875
10,10,0,0,0,6,1362,0.0831298828125
10,10,0,0,0,7,2013,0.12286376953125
10,10,0,0,0,8,2258,0.1378173828125
10,10,0,0,0,9,3244,0.197998046875
10,10,0,0,0,10,1145,0.06988525390625
10,10,0,0,0,11,1782,0.1087646484375
10,10,0,0,0,12,828,0.050537109375
10,10,0,0,0,13,401,0.02447509765625
10,10,0,0,0,14,208,0.0126953125
10,10,0,0,0,15,50,0.0030517578125
10,10,0,0,0,16,921,0.05621337890625
10,10,0,0,0,17,454,0.0277099609375
10,10,1,0,1,0,6,0.0003662109375
10,10,1,0,1,1,0,0.0
10,10,1,0,1,2,127,0.00775146484375
10,10,1,0,1,3,157,0.00958251953125
10,10,1,0,1,4,134,0.0081787109375
10,10,1,0,1,5,918,0.0560302734375
10,10,1,0,1,6,1265,0.07720947265625
10,10,1,0,1,7,1572,0.095947265625
10,10,1,0,1,8,1959,0.11956787109375
10,10,1,0,1,9,3167,0.19329833984375
10,10,1,0,1,10,969,0.05914306640625
10,10,1,0,1,11,2105,0.12847900390625
10,10,1,0,1,12,988,0.060302734375
10,10,1,0,1,13,426,0.0260009765625
10,10,1,0,1,14,262,0.0159912109375
10,10,1,0,1,15,95,0.00579833984375
10,10,1,0,1,16,1807,0.11029052734375
10,10,1,0,1,17,427,0.02606201171875
10,10,2,1,0,0,26,0.0015869140625
10,10,2,1,0,1,1,6.103515625e-05
10,10,2,1,0,2,192,0.01171875
10,10,2,1,0,3,295,0.01800537109375
10,10,2,1,0,4,192,0.01171875
10,10,2,1,0,5,1112,0.06787109375
10,10,2,1,0,6,1273,0.07769775390625
10,10,2,1,0,7,1696,0.103515625
10,10,2,1,0,8,1779,0.10858154296875
10,10,2,1,0,9,3061,0.18682861328125
10,10,2,1,0,10,1147,0.07000732421875
10,10,2,1,0,11,1938,0.1182861328125
10,10,2,1,0,12,1009,0.06158447265625
10,10,2,1,0,13,482,0.0294189453125
10,10,2,1,0,14,235,0.01434326171875
10,10,2,1,0,15,79,0.00482177734375
10,10,2,1,0,16,1257,0.07672119140625
10,10,2,1,0,17,610,0.0372314453125
10,10,3,1,1,0,17,0.00103759765625
10,10,3,1,1,1,1,6.103515625e-05
10,10,3,1,1,2,80,0.0048828125
10,10,3,1,1,3,173,0.01055908203125
10,10,3,1,1,4,109,0.00665283203125
10,10,3,1,1,5,836,0.051025390625
10,10,3,1,1,6,1138,0.0694580078125
10,10,3,1,1,7,1374,0.0838623046875
10,10,3,1,1,8,1418,0.0865478515625
10,10,3,1,1,9,3363,0.20526123046875
10,10,3,1,1,10,852,0.052001953125
10,10,3,1,1,11,2441,0.14898681640625
10,10,3,1,1,12,1066,0.0650634765625
10,10,3,1,1,13,486,0.0296630859375
10,10,3,1,1,14,265,0.01617431640625
10,10,3,1,1,15,102,0.0062255859375
10,10,3,1,1,16,2250,0.1373291015625
10,10,3,1,1,17,413,0.02520751953125
11,11,0,0,0,0,41,0.00250244140625
11,11,0,0,0,1,6,0.0003662109375
11,11,0,0,0,2,126,0.0076904296875
11,11,0,0,0,3,226,0.0137939453125
11,11,0,0,0,4,152,0.00927734375
11,11,0,0,0,5,1277,0.07794189453125
11,11,0,0,0,6,1313,0.08013916015625
11,11,0,0,0,7,1864,0.11376953125
11,11,0,0,0,8,2087,0.12738037109375
11,11,0,0,0,9,2959,0.18060302734375
11,11,0,0,0,10,1268,0.077392578125
11,11,0,0,0,11,1845,0.11260986328125
11,11,0,0,0,12,1012,0.061767578125
11,11,0,0,0,13,496,0.0302734375
11,11,0,0,0,14,191,0.01165771484375
11,11,0,0,0,15,53,0.00323486328125
11,11,0,0,0,16,1085,0.06622314453125
11,11,0,0,0,17,383,0.02337646484375
11,11,1,0,1,0,12,0.000732421875
11,11,1,0,1,1,4,0.000244140625
11,11,1,0,1,2,83,0.00506591796875
11,11,1,0,1,3,199,0.01214599609375
11,11,1,0,1,4,94,0.0057373046875
11,11,1,0,1,5,1224,0.07470703125
11,11,1,0,1,6,1184,0.072265625
11,11,1,0,1,7,1239,0.07562255859375
11,11,1,0,1,8,1636,0.099853515625
11,11,1,0,1,9,2788,0.170166015625
11,11,1,0,1,10,803,0.04901123046875
11,11,1,0,1,11,2310,0.1409912109375
11,11,1,0,1,12,1245,0.07598876953125
11,11,1,0,1,13,534,0.0325927734375
11,11,1,0,1,14,260,0.015869140625
11,11,1,0,1,15,102,0.0062255859375
11,11,1,0,1,16,2192,0.1337890625
11,11,1,0,1,17,475,0.02899169921875
11,11,2,1,0,0,24,0.00146484375
11,11,2,1,0,1,36,0.002197265625
11,11,2,1,0,2,172,0.010498046875
11,11,2,1,0,3,217,0.01324462890625
11,11,2,1,0,4,142,0.0086669921875
11,11,2,1,0,5,1159,0.07073974609375
11,11,2,1,0,6,1229,0.07501220703125
11,11,2,1,0,7,1655,0.10101318359375
11,11,2,1,0,8,1747,0.10662841796875
11,11,2,1,0,9,2896,0.1767578125
11,11,2,1,0,10,1021,0.06231689453125
11,11,2,1,0,11,1968,0.1201171875
11,11,2,1,0,12,1204,0.073486328125
11,11,2,1,0,13,584,0.03564453125
11,11,2,1,0,14,214,0.0130615234375
11,11,2,1,0,15,66,0.0040283203125
11,11,2,1,0,16,1521,0.09283447265625
11,11,2,1,0,17,529,0.03228759765625
11,11,3,1,1,0,11,0.00067138671875
11,11,3,1,1,1,9,0.00054931640625
11,11,3,1,1,2,50,0.0030517578125
11,11,3,1,1,3,170,0.0103759765625
11,11,3,1,1,4,72,0.00439453125
11,11,3,1,1,5,894,0.0545654296875
11,11,3,1,1,6,1041,0.06353759765625
11,11,3,1,1,7,1188,0.072509765625
11,11,3,1,1,8,1268,0.077392578125
11,11,3,1,1,9,3211,0.19598388671875
11,11,3,1,1,10,712,0.04345703125
11,11,3,1,1,11,2321,0.14166259765625
11,11,3,1,1,12,1206,0.0736083984375
11,11,3,1,1,13,602,0.0367431640625
11,11,3,1,1,14,289,0.01763916015625
11,11,3,1,1,15,110,0.0067138671875
11,11,3,1,1,16,2701,0.16485595703125
11,11,3,1,1,17,529,0.03228759765625
12,12,0,0,0,0,113,0.00689697265625
12,12,0,0,0,1,234,0.0142822265625
12,12,0,0,0,2,287,0.01751708984375
12,12,0,0,0,3,291,0.01776123046875
12,12,0,0,0,4,312,0.01904296875
12,12,0,0,0,5,608,0.037109375
12,12,0,0,0,6,980,0.059814453125
12,12,0,0,0,7,1900,0.115966796875
12,12,0,0,0,8,4671,0.28509521484375
12,12,0,0,0,9,1736,0.10595703125
12,12,0,0,0,10,735,0.04486083984375
12,12,0,0,0,11,733,0.04473876953125
12,12,0,0,0,12,348,0.021240234375
12,12,0,0,0,13,289,0.01763916015625
12,12,0,0,0,14,322,0.0196533203125
12,12,0,0,0,15,375,0.02288818359375
12,12,0,0,0,16,906,0.0552978515625
12,12,0,0,0,17,1544,0.09423828125
12,12,1,0,1,0,154,0.0093994140625
12,12,1,0,1,1,246,0.0150146484375
12,12,1,0,1,2,288,0.017578125
12,12,1,0,1,3,370,0.0225830078125
12,12,1,0,1,4,351,0.02142333984375
12,12,1,0,1,5,646,0.0394287109375
12,12,1,0,1,6,1008,0.0615234375
12,12,1,0,1,7,2158,0.1317138671875
12,12,1,0,1,8,4295,0.26214599609375
12,12,1,0,1,9,2226,0.1358642578125
12,12,1,0,1,10,975,0.05950927734375
12,12,1,0,1,11,701,0.04278564453125
12,12,1,0,1,12,392,0.02392578125
12,12,1,0,1,13,307,0.01873779296875
12,12,1,0,1,14,265,0.01617431640625
12,12,1,0,1,15,204,0.012451171875
12,12,1,0,1,16,419,0.02557373046875
12,12,1,0,1,17,1379,0.08416748046875
12,12,2,1,0,0,175,0.01068115234375
12,12,2,1,0,1,187,0.01141357421875
12,12,2,1,0,2,298,0.0181884765625
12,12,2,1,0,3,451,0.02752685546875
12,12,2,1,0,4,399,0.02435302734375
12,12,2,1,0,5,563,0.03436279296875
12,12,2,1,0,6,891,0.05438232421875
12,12,2,1,0,7,2271,0.13861083984375
12,12,2,1,0,8,4144,0.2529296875
12,12,2,1,0,9,2319,0.14154052734375
12,12,2,1,0,10,862,0.0526123046875
12,12,2,1,0,11,654,0.0399169921875
12,12,2,1,0,12,432,0.0263671875
12,12,2,1,0,13,337,0.02056884765625
12,12,2,1,0,14,297,0.01812744140625
12,12,2,1,0,15,231,0.01409912109375
12,12,2,1,0,16,579,0.03533935546875
12,12,2,1,0,17,1294,0.0789794921875
12,12,3,1,1,0,138,0.0084228515625
12,12,3,1,1,1,188,0.011474609375
12,12,3,1,1,2,259,0.01580810546875
12,12,3,1,1,3,341,0.02081298828125
12,12,3,1,1,4,271,0.01654052734375
12,12,3,1,1,5,523,0.03192138671875
12,12,3,1,1,6,931,0.05682373046875
12,12,3,1,1,7,2005,0.12237548828125
12,12,3,1,1,8,3175,0.19378662109375
12,12,3,1,1,9,2460,0.150146484375
12,12,3,1,1,10,1118,0.0682373046875
12,12,3,1,1,11,1002,0.0611572265625
12,12,3,1,1,12,557,0.03399658203125
12,12,3,1,1,13,423,0.02581787109375
12,12,3,1,1,14,381,0.02325439453125
12,12,3,1,1,15,214,0.0130615234375
12,12,3,1,1,16,1160,0.07080078125
12,12,3,1,1,17,1238,0.0755615234375
13,13,0,0,0,0,115,0.00701904296875
13,13,0,0,0,1,227,0.01385498046875
13,13,0,0,0,2,268,0.016357421875
13,13,0,0,0,3,307,0.01873779296875
13,13,0,0,0,4,279,0.01702880859375
13,13,0,0,0,5,557,0.03399658203125
13,13,0,0,0,6,1013,0.06182861328125
13,13,0,0,0,7,1938,0.1182861328125
13,13,0,0,0,8,4695,0.28656005859375
13,13,0,0,0,9,1757,0.10723876953125
13,13,0,0,0,10,756,0.046142578125
13,13,0,0,0,11,713,0.04351806640625
13,13,0,0,0,12,315,0.01922607421875
13,13,0,0,0,13,327,0.01995849609375
13,13,0,0,0,14,330,0.0201416015625
13,13,0,0,0,15,384,0.0234375
13,13,0,0,0,16,845,0.05157470703125
13,13,0,0,0,17,1558,0.0950927734375
13,13,1,0,1,0,192,0.01171875
13,13,1,0,1,1,233,0.01422119140625
13,13,1,0,1,2,263,0.01605224609375
13,13,1,0,1,3,344,0.02099609375
13,13,1,0,1,4,364,0.022216796875
13,13,1,0,1,5,614,0.0374755859375
13,13,1,0,1,6,989,0.06036376953125
13,13,1,0,1,7,2175,0.13275146484375
13,13,1,0,1,8,4359,0.26605224609375
13,13,1,0,1,9,2243,0.13690185546875
13,13,1,0,1,10,967,0.05902099609375
13,13,1,0,1,11,666,0.0406494140625
13,13,1,0,1,12,446,0.0272216796875
13,13,1,0,1,13,330,0.0201416015625
13,13,1,0,1,14,246,0.0150146484375
13,13,1,0,1,15,192,0.01171875
13,13,1,0,1,16,439,0.02679443359375
13,13,1,0,1,17,1322,0.0806884765625
13,13,2,1,0,0,174,0.0106201171875
13,13,2,1,0,1,168,0.01025390625
13,13,2,1,0,2,339,0.02069091796875
13,13,2,1,0,3,434,0.0264892578125
13,13,2,1,0,4,380,0.023193359375
13,13,2,1,0,5,573,0.03497314453125
13,13,2,1,0,6,916,0.055908203125
13,13,2,1,0,7,2281,0.13922119140625
13,13,2,1,0,8,4068,0.248291015625
13,13,2,1,0,9,2342,0.1429443359375
13,13,2,1,0,10,856,0.05224609375
13,13,2,1,0,11,695,0.04241943359375
13,13,2,1,0,12,407,0.02484130859375
13,13,2,1,0,13,350,0.0213623046875
13,13,2,1,0,14,289,0.01763916015625
13,13,2,1,0,15,227,0.01385498046875
13,13,2,1,0,16,620,0.037841796875
13,13,2,1,0,17,1265,0.07720947265625
13,13,3,1,1,0,115,0.00701904296875
13,13,3,1,1,1,189,0.01153564453125
13,13,3,1,1,2,254,0.0155029296875
13,13,3,1,1,3,326,0.0198974609375
13,13,3,1,1,4,294,0.0179443359375
13,13,3,1,1,5,517,0.03155517578125
13,13,3,1,1,6,938,0.0572509765625
13,13,3,1,1,7,1949,0.11895751953125
13,13,3,1,1,8,3262,0.1990966796875
13,13,3,1,1,9,2519,0.15374755859375
13,13,3,1,1,10,1065,0.06500244140625
13,13,3,1,1,11,1003,0.06121826171875
13,13,3,1,1,12,548,0.033447265625
13,13,3,1,1,13,454,0.0277099609375
13,13,3,1,1,14,342,0.0208740234375
13,13,3,1,1,15,212,0.012939453125
13,13,3,1,1,16,1209,0.07379150390625
13,13,3,1,1,17,1188,0.072509765625
14,14,0,0,0,0,106,0.0064697265625
14,14,0,0,0,1,206,0.0125732421875
14,14,0,0,0,2,239,0.01458740234375
14,14,0,0,0,3,326,0.0198974609375
14,14,0,0,0,4,308,0.018798828125
14,14,0,0,0,5,607,0.03704833984375
14,14,0,0,0,6,969,0.05914306640625
14,14,0,0,0,7,1933,0.11798095703125
14,14,0,0,0,8,4755,0.29022216796875
14,14,0,0,0,9,1807,0.11029052734375
14,14,0,0,0,10,781,0.04766845703125
14,14,0,0,0,11,684,0.041748046875
14,14,0,0,0,12,313,0.01910400390625
14,14,0,0,0,13,288,0.017578125
14,14,0,0,0,14,329,0.02008056640625
14,14,0,0,0,15,388,0.023681640625
14,14,0,0,0,16,813,0.04962158203125
14,14,0,0,0,17,1532,0.093505859375
14,14,1,0,1,0,184,0.01123046875
14,14,1,0,1,1,250,0.0152587890625
14,14,1,0,1,2,273,0.01666259765625
14,14,1,0,1,3,401,0.02447509765625
14,14,1,0,1,4,383,0.02337646484375
14,14,1,0,1,5,560,0.0341796875
14,14,1,0,1,6,983,0.05999755859375
14,14,1,0,1,7,2215,0.13519287109375
14,14,1,0,1,8,4343,0.26507568359375
14,14,1,0,1,9,2218,0.1353759765625
14,14,1,0,1,10,927,0.05657958984375
14,14,1,0,1,11,665,0.04058837890625
14,14,1,0,1,12,426,0.0260009765625
14,14,1,0,1,13,303,0.01849365234375
14,14,1,0,1,14,245,0.01495361328125
14,14,1,0,1,15,221,0.01348876953125
14,14,1,0,1,16,422,0.0257568359375
14,14,1,0,1,17,1365,0.08331298828125
14,14,2,1,0,0,175,0.01068115234375
14,14,2,1,0,1,191,0.01165771484375
14,14,2,1,0,2,287,0.01751708984375
14,14,2,1,0,3,418,0.0255126953125
14,14,2,1,0,4,405,0.02471923828125
14,14,2,1,0,5,591,0.03607177734375
14,14,2,1,0,6,860,0.052490234375
14,14,2,1,0,7,2333,0.14239501953125
14,14,2,1,0,8,4161,0.25396728515625
14,14,2,1,0,9,2327,0.14202880859375
14,14,2,1,0,10,807,0.04925537109375
14,14,2,1,0,11,645,0.03936767578125
14,14,2,1,0,12,420,0.025634765625
14,14,2,1,0,13,349,0.02130126953125
14,14,2,1,0,14,331,0.02020263671875
14,14,2,1,0,15,230,0.0140380859375
14,14,2,1,0,16,550,0.0335693359375
14,14,2,1,0,17,1304,0.07958984375
14,14,3,1,1,0,123,0.00750732421875
14,14,3,1,1,1,195,0.01190185546875
14,14,3,1,1,2,250,0.0152587890625
14,14,3,1,1,3,344,0.02099609375
14,14,3,1,1,4,284,0.017333984375
14,14,3,1,1,5,571,0.03485107421875
14,14,3,1,1,6,865,0.05279541015625
14,14,3,1,1,7,2030,0.1239013671875
14,14,3,1,1,8,3267,0.19940185546875
14,14,3,1,1,9,2477,0.15118408203125
14,14,3,1,1,10,1104,0.0673828125
14,14,3,1,1,11,963,0.05877685546875
14,14,3,1,1,12,521,0.03179931640625
14,14,3,1,1,13,420,0.025634765625
14,14,3,1,1,14,345,0.02105712890625
14,14,3,1,1,15,209,0.01275634765625
14,14,3,1,1,16,1135,0.06927490234375
14,14,3,1,1,17,1281,0.07818603515625
15,15,0,0,0,0,117,0.00714111328125
15,15,0,0,0,1,214,0.0130615234375
15,15,0,0,0,2,276,0.016845703125
15,15,0,0,0,3,306,0.0186767578125
15,15,0,0,0,4,308,0.018798828125
15,15,0,0,0,5,567,0.03460693359375
15,15,0,0,0,6,1003,0.06121826171875
15,15,0,0,0,7,2019,0.12322998046875
15,15,0,0,0,8,4746,0.2896728515625
15,15,0,0,0,9,1710,0.1043701171875
15,15,0,0,0,10,750,0.0457763671875
15,15,0,0,0,11,707,0.04315185546875
15,15,0,0,0,12,318,0.0194091796875
15,15,0,0,0,13,297,0.01812744140625
15,15,0,0,0,14,284,0.017333984375
15,15,0,0,0,15,369,0.02252197265625
15,15,0,0,0,16,846,0.0516357421875
15,15,0,0,0,17,1547,0.09442138671875
15,15,1,0,1,0,174,0.0106201171875
15,15,1,0,1,1,279,0.01702880859375
15,15,1,0,1,2,349,0.02130126953125
15,15,1,0,1,3,366,0.0223388671875
15,15,1,0,1,4,380,0.023193359375
15,15,1,0,1,5,588,0.035888671875
15,15,1,0,1,6,851,0.05194091796875
15,15,1,0,1,7,2286,0.1395263671875
15,15,1,0,1,8,4303,0.26263427734375
15,15,1,0,1,9,2170,0.1324462890625
15,15,1,0,1,10,915,0.05584716796875
15,15,1,0,1,11,665,0.04058837890625
15,15,1,0,1,12,414,0.0252685546875
15,15,1,0,1,13,318,0.0194091796875
15,15,1,0,1,14,257,0.01568603515625
15,15,1,0,1,15,209,0.01275634765625
15,15,1,0,1,16,438,0.0267333984375
15,15,1,0,1,17,1422,0.0867919921875
15,15,2,1,0,0,166,0.0101318359375
15,15,2,1,0,1,193,0.01177978515625
15,15,2,1,0,2,279,0.01702880859375
15,15,2,1,0,3,405,0.02471923828125
15,15,2,1,0,4,372,0.022705078125
15,15,2,1,0,5,641,0.03912353515625
15,15,2,1,0,6,890,0.0543212890625
15,15,2,1,0,7,2266,0.1383056640625
15,15,2,1,0,8,4150,0.2532958984375
15,15,2,1,0,9,2330,0.1422119140625
15,15,2,1,0,10,845,0.05157470703125
15,15,2,1,0,11,614,0.0374755859375
15,15,2,1,0,12,386,0.0235595703125
15,15,2,1,0,13,334,0.0203857421875
15,15,2,1,0,14,306,0.0186767578125
15,15,2,1,0,15,205,0.01251220703125
15,15,2,1,0,16,641,0.03912353515625
15,15,2,1,0,17,1361,0.08306884765625
15,15,3,1,1,0,123,0.00750732421875
15,15,3,1,1,1,209,0.01275634765625
15,15,3,1,1,2,278,0.0169677734375
15,15,3,1,1,3,330,0.0201416015625
15,15,3,1,1,4,305,0.01861572265625
15,15,3,1,1,5,491,0.02996826171875
15,15,3,1,1,6,897,0.05474853515625
15,15,3,1,1,7,2019,0.12322998046875
15,15,3,1,1,8,3378,0.2061767578125
15,15,3,1,1,9,2472,0.15087890625
15,15,3,1,1,10,1100,0.067138671875
15,15,3,1,1,11,1000,0.06103515625
15,15,3,1,1,12,509,0.03106689453125
15,15,3,1,1,13,414,0.0252685546875
15,15,3,1,1,14,333,0.02032470703125
15,15,3,1,1,15,235,0.01434326171875
15,15,3,1,1,16,1066,0.0650634765625
15,15,3,1,1,17,1225,0.07476806640625
16,16,0,0,0,0,33,0.00201416015625
16,16,0,0,0,1,53,0.00323486328125
16,16,0,0,0,2,173,0.01055908203125
16,16,0,0,0,3,192,0.01171875
16,16,0,0,0,4,142,0.0086669921875
16,16,0,0,0,5,1446,0.0882568359375
16,16,0,0,0,6,1335,0.08148193359375
16,16,0,0,0,7,1636,0.099853515625
16,16,0,0,0,8,2222,0.1356201171875
16,16,0,0,0,9,2663,0.16253662109375
16,16,0,0,0,10,1160,0.07080078125
16,16,0,0,0,11,1654,0.1009521484375
16,16,0,0,0,12,1237,0.07550048828125
16,16,0,0,0,13,653,0.03985595703125
16,16,0,0,0,14,124,0.007568359375
16,16,0,0,0,15,38,0.0023193359375
16,16,0,0,0,16,1118,0.0682373046875
16,16,0,0,0,17,505,0.03082275390625
16,16,1,0,1,0,4,0.000244140625
16,16,1,0,1,1,19,0.00115966796875
16,16,1,0,1,2,72,0.00439453125
16,16,1,0,1,3,141,0.00860595703125
16,16,1,0,1,4,50,0.0030517578125
16,16,1,0,1,5,1000,0.06103515625
16,16,1,0,1,6,1111,0.06781005859375
16,16,1,0,1,7,1315,0.08026123046875
16,16,1,0,1,8,1370,0.0836181640625
16,16,1,0,1,9,2766,0.1688232421875
16,16,1,0,1,10,798,0.0487060546875
16,16,1,0,1,11,2216,0.13525390625
16,16,1,0,1,12,1250,0.0762939453125
16,16,1,0,1,13,571,0.03485107421875
16,16,1,0,1,14,299,0.01824951171875
16,16,1,0,1,15,155,0.00946044921875
16,16,1,0,1,16,2749,0.16778564453125
16,16,1,0,1,17,498,0.0303955078125
16,16,2,1,0,0,26,0.0015869140625
16,16,2,1,0,1,17,0.00103759765625
16,16,2,1,0,2,148,0.009033203125
16,16,2,1,0,3,213,0.01300048828125
16,16,2,1,0,4,122,0.0074462890625
16,16,2,1,0,5,1297,0.07916259765625
16,16,2,1,0,6,1311,0.08001708984375
16,16,2,1,0,7,1577,0.09625244140625
16,16,2,1,0,8,1835,0.11199951171875
16,16,2,1,0,9,2809,0.17144775390625
16,16,2,1,0,10,993,0.06060791015625
16,16,2,1,0,11,1869,0.11407470703125
16,16,2,1,0,12,1288,0.07861328125
16,16,2,1,0,13,625,0.03814697265625
16,16,2,1,0,14,181,0.01104736328125
16,16,2,1,0,15,77,0.00469970703125
16,16,2,1,0,16,1529,0.09332275390625
16,16,2,1,0,17,467,0.02850341796875
16,16,3,1,1,0,10,0.0006103515625
16,16,3,1,1,1,49,0.00299072265625
16,16,3,1,1,2,70,0.0042724609375
16,16,3,1,1,3,163,0.00994873046875
16,16,3,1,1,4,64,0.00390625
16,16,3,1,1,5,900,0.054931640625
16,16,3,1,1,6,1039,0.06341552734375
16,16,3,1,1,7,1240,0.07568359375
16,16,3,1,1,8,1173,0.07159423828125
16,16,3,1,1,9,3090,0.1885986328125
16,16,3,1,1,10,719,0.04388427734375
16,16,3,1,1,11,2295,0.14007568359375
16,16,3,1,1,12,1306,0.0797119140625
16,16,3,1,1,13,590,0.0360107421875
16,16,3,1,1,14,246,0.0150146484375
16,16,3,1,1,15,98,0.0059814453125
16,16,3,1,1,16,2804,0.171142578125
16,16,3,1,1,17,528,0.0322265625
17,17,0,0,0,0,32,0.001953125
17,17,0,0,0,1,40,0.00244140625
17,17,0,0,0,2,143,0.00872802734375
17,17,0,0,0,3,212,0.012939453125
17,17,0,0,0,4,139,0.00848388671875
17,17,0,0,0,5,1446,0.0882568359375
17,17,0,0,0,6,1323,0.08074951171875
17,17,0,0,0,7,1540,0.093994140625
17,17,0,0,0,8,2187,0.13348388671875
17,17,0,0,0,9,2670,0.1629638671875
17,17,0,0,0,10,1072,0.0654296875
17,17,0,0,0,11,1685,0.10284423828125
17,17,0,0,0,12,1346,0.0821533203125
17,17,0,0,0,13,689,0.04205322265625
17,17,0,0,0,14,127,0.00775146484375
17,17,0,0,0,15,53,0.00323486328125
17,17,0,0,0,16,1165,0.07110595703125
17,17,0,0,0,17,515,0.03143310546875
17,17,1,0,1,0,14,0.0008544921875
17,17,1,0,1,1,28,0.001708984375
17,17,1,0,1,2,91,0.00555419921875
17,17,1,0,1,3,136,0.00830078125
17,17,1,0,1,4,60,0.003662109375
17,17,1,0,1,5,983,0.05999755859375
17,17,1,0,1,6,1141,0.06964111328125
17,17,1,0,1,7,1249,0.07623291015625
17,17,1,0,1,8,1348,0.082275390625
17,17,1,0,1,9,2714,0.1656494140625
17,17,1,0,1,10,834,0.0509033203125
17,17,1,0,1,11,2192,0.1337890625
17,17,1,0,1,12,1295,0.07904052734375
17,17,1,0,1,13,562,0.0343017578125
17,17,1,0,1,14,284,0.017333984375
17,17,1,0,1,15,142,0.0086669921875
17,17,1,0,1,16,2853,0.17413330078125
17,17,1,0,1,17,458,0.0279541015625
17,17,2,1,0,0,12,0.000732421875
17,17,2,1,0,1,18,0.0010986328125
17,17,2,1,0,2,116,0.007080078125
17,17,2,1,0,3,202,0.0123291015625
17,17,2,1,0,4,120,0.00732421875
17,17,2,1,0,5,1333,0.08135986328125
17,17,2,1,0,6,1326,0.0809326171875
17,17,2,1,0,7,1585,0.09674072265625
17,17,2,1,0,8,1790,0.1092529296875
17,17,2,1,0,9,2786,0.1700439453125
17,17,2,1,0,10,1001,0.06109619140625
17,17,2,1,0,11,1870,0.1141357421875
17,17,2,1,0,12,1314,0.0802001953125
17,17,2,1,0,13,588,0.035888671875
17,17,2,1,0,14,179,0.01092529296875
17,17,2,1,0,15,82,0.0050048828125
17,17,2,1,0,16,1593,0.09722900390625
17,17,2,1,0,17,469,0.02862548828125
17,17,3,1,1,0,7,0.00042724609375
17,17,3,1,1,1,51,0.00311279296875
17,17,3,1,1,2,101,0.00616455078125
17,17,3,1,1,3,158,0.0096435546875
17,17,3,1,1,4,81,0.00494384765625
17,17,3,1,1,5,919,0.05609130859375
17,17,3,1,1,6,998,0.0609130859375
17,17,3,1,1,7,1147,0.07000732421875
17,17,3,1,1,8,1225,0.07476806640625
17,17,3,1,1,9,2891,0.17645263671875
17,17,3,1,1,10,685,0.04180908203125
17,17,3,1,1,11,2281,0.13922119140625
17,17,3,1,1,12,1349,0.08233642578125
17,17,3,1,1,13,584,0.03564453125
17,17,3,1,1,14,237,0.01446533203125
17,17,3,1,1,15,109,0.00665283203125
17,17,3,1,1,16,2961,0.18072509765625
17,17,3,1,1,17,600,0.03662109375
18,18,0,0,0,0,120,0.00732421875
18,18,0,0,0,1,167,0.01019287109375
18,18,0,0,0,2,243,0.01483154296875
18,18,0,0,0,3,331,0.02020263671875
18,18,0,0,0,4,360,0.02197265625
18,18,0,0,0,5,618,0.0377197265625
18,18,0,0,0,6,989,0.06036376953125
18,18,0,0,0,7,2131,0.13006591796875
18,18,0,0,0,8,4706,0.2872314453125
18,18,0,0,0,9,1689,0.10308837890625
18,18,0,0,0,10,757,0.04620361328125
18,18,0,0,0,11,631,0.03851318359375
18,18,0,0,0,12,315,0.01922607421875
18,18,0,0,0,13,292,0.017822265625
18,18,0,0,0,14,315,0.01922607421875
18,18,0,0,0,15,387,0.02362060546875
18,18,0,0,0,16,774,0.0472412109375
18,18,0,0,0,17,1559,0.09515380859375
18,18,1,0,1,0,175,0.01068115234375
18,18,1,0,1,1,266,0.0162353515625
18,18,1,0,1,2,323,0.01971435546875
18,18,1,0,1,3,354,0.0216064453125
18,18,1,0,1,4,371,0.02264404296875
18,18,1,0,1,5,534,0.0325927734375
18,18,1,0,1,6,938,0.0572509765625
18,18,1,0,1,7,2333,0.14239501953125
18,18,1,0,1,8,4344,0.26513671875
18,18,1,0,1,9,2188,0.133544921875
18,18,1,0,1,10,909,0.05548095703125
18,18,1,0,1,11,643,0.03924560546875
18,18,1,0,1,12,350,0.0213623046875
18,18,1,0,1,13,356,0.021728515625
18,18,1,0,1,14,263,0.01605224609375
18,18,1,0,1,15,236,0.014404296875
18,18,1,0,1,16,416,0.025390625
18,18,1,0,1,17,1385,0.08453369140625
18,18,2,1,0,0,151,0.00921630859375
18,18,2,1,0,1,196,0.011962890625
18,18,2,1,0,2,297,0.01812744140625
18,18,2,1,0,3,384,0.0234375
18,18,2,1,0,4,378,0.0230712890625
18,18,2,1,0,5,588,0.035888671875
18,18,2,1,0,6,869,0.05303955078125
18,18,2,1,0,7,2325,0.14190673828125
18,18,2,1,0,8,4368,0.2666015625
18,18,2,1,0,9,2250,0.1373291015625
18,18,2,1,0,10,765,0.04669189453125
18,18,2,1,0,11,622,0.0379638671875
18,18,2,1,0,12,411,0.02508544921875
18,18,2,1,0,13,372,0.022705078125
18,18,2,1,0,14,313,0.01910400390625
18,18,2,1,0,15,243,0.01483154296875
18,18,2,1,0,16,603,0.03680419921875
18,18,2,1,0,17,1249,0.07623291015625
18,18,3,1,1,0,144,0.0087890625
18,18,3,1,1,1,218,0.0133056640625
18,18,3,1,1,2,239,0.01458740234375
18,18,3,1,1,3,353,0.02154541015625
18,18,3,1,1,4,275,0.01678466796875
18,18,3,1,1,5,537,0.03277587890625
18,18,3,1,1,6,802,0.0489501953125
18,18,3,1,1,7,2032,0.1240234375
18,18,3,1,1,8,3504,0.2138671875
18,18,3,1,1,9,2409,0.14703369140625
18,18,3,1,1,10,1138,0.0694580078125
18,18,3,1,1,11,967,0.05902099609375
18,18,3,1,1,12,499,0.03045654296875
18,18,3,1,1,13,395,0.02410888671875
18,18,3,1,1,14,343,0.02093505859375
18,18,3,1,1,15,220,0.013427734375
18,18,3,1,1,16,999,0.06097412109375
18,18,3,1,1,17,1310,0.0799560546875
19,19,0,0,0,0,112,0.0068359375
19,19,0,0,0,1,194,0.0118408203125
19,19,0,0,0,2,246,0.0150146484375
19,19,0,0,0,3,374,0.0228271484375
19,19,0,0,0,4,343,0.02093505859375
19,19,0,0,0,5,595,0.03631591796875
19,19,0,0,0,6,1046,0.0638427734375
19,19,0,0,0,7,2154,0.1314697265625
19,19,0,0,0,8,4654,0.2840576171875
19,19,0,0,0,9,1634,0.0997314453125
19,19,0,0,0,10,794,0.0484619140625
19,19,0,0,0,11,693,0.04229736328125
19,19,0,0,0,12,315,0.01922607421875
19,19,0,0,0,13,284,0.017333984375
19,19,0,0,0,14,331,0.02020263671875
19,19,0,0,0,15,376,0.02294921875
19,19,0,0,0,16,782,0.0477294921875
19,19,0,0,0,17,1457,0.08892822265625
19,19,1,0,1,0,181,0.01104736328125
19,19,1,0,1,1,271,0.01654052734375
19,19,1,0,1,2,308,0.018798828125
19,19,1,0,1,3,339,0.02069091796875
19,19,1,0,1,4,403,0.02459716796875
19,19,1,0,1,5,535,0.03265380859375
19,19,1,0,1,6,930,0.0567626953125
19,19,1,0,1,7,2313,0.14117431640625
19,19,1,0,1,8,4364,0.266357421875
19,19,1,0,1,9,2216,0.13525390625
19,19,1,0,1,10,823,0.05023193359375
19,19,1,0,1,11,595,0.03631591796875
19,19,1,0,1,12,349,0.02130126953125
19,19,1,0,1,13,308,0.018798828125
19,19,1,0,1,14,259,0.01580810546875
19,19,1,0,1,15,259,0.01580810546875
19,19,1,0,1,16,480,0.029296875
19,19,1,0,1,17,1451,0.08856201171875
19,19,2,1,0,0,153,0.00933837890625
19,19,2,1,0,1,183,0.01116943359375
19,19,2,1,0,2,269,0.01641845703125
19,19,2,1,0,3,413,0.02520751953125
19,19,2,1,0,4,390,0.0238037109375
19,19,2,1,0,5,586,0.0357666015625
19,19,2,1,0,6,900,0.054931640625
19,19,2,1,0,7,2307,0.14080810546875
19,19,2,1,0,8,4436,0.270751953125
19,19,2,1,0,9,2144,0.130859375
19,19,2,1,0,10,831,0.05072021484375
19,19,2,1,0,11,623,0.03802490234375
19,19,2,1,0,12,391,0.02386474609375
19,19,2,1,0,13,354,0.0216064453125
19,19,2,1,0,14,319,0.01947021484375
19,19,2,1,0,15,253,0.01544189453125
19,19,2,1,0,16,574,0.0350341796875
19,19,2,1,0,17,1258,0.0767822265625
19,19,3,1,1,0,145,0.00885009765625
19,19,3,1,1,1,213,0.01300048828125
19,19,3,1,1,2,279,0.01702880859375
19,19,3,1,1,3,341,0.02081298828125
19,19,3,1,1,4,315,0.01922607421875
19,19,3,1,1,5,531,0.03240966796875
19,19,3,1,1,6,886,0.0540771484375
19,19,3,1,1,7,1951,0.11907958984375
19,19,3,1,1,8,3422,0.2088623046875
19,19,3,1,1,9,2408,0.14697265625
19,19,3,1,1,10,1112,0.06787109375
19,19,3,1,1,11,992,0.060546875
19,19,3,1,1,12,494,0.0301513671875
19,19,3,1,1,13,409,0.02496337890625
19,19,3,1,1,14,325,0.01983642578125
19,19,3,1,1,15,218,0.0133056640625
19,19,3,1,1,16,1068,0.065185546875
19,19,3,1,1,17,1275,0.07781982421875
20,20,0,0,0,0,113,0.00689697265625
20,20,0,0,0,1,170,0.0103759765625
20,20,0,0,0,2,252,0.015380859375
20,20,0,0,0,3,382,0.0233154296875
20,20,0,0,0,4,363,0.02215576171875
20,20,0,0,0,5,590,0.0360107421875
20,20,0,0,0,6,975,0.05950927734375
20,20,0,0,0,7,2184,0.13330078125
20,20,0,0,0,8,4679,0.28558349609375
20,20,0,0,0,9,1692,0.103271484375
20,20,0,0,0,10,713,0.04351806640625
20,20,0,0,0,11,656,0.0400390625
20,20,0,0,0,12,305,0.01861572265625
20,20,0,0,0,13,279,0.01702880859375
20,20,0,0,0,14,320,0.01953125
20,20,0,0,0,15,417,0.02545166015625
20,20,0,0,0,16,753,0.04595947265625
20,20,0,0,0,17,1541,0.09405517578125
20,20,1,0,1,0,139,0.00848388671875
20,20,1,0,1,1,262,0.0159912109375
20,20,1,0,1,2,330,0.0201416015625
20,20,1,0,1,3,340,0.020751953125
20,20,1,0,1,4,375,0.02288818359375
20,20,1,0,1,5,530,0.0323486328125
20,20,1,0,1,6,918,0.0560302734375
20,20,1,0,1,7,2401,0.14654541015625
20,20,1,0,1,8,4400,0.2685546875
20,20,1,0,1,9,2240,0.13671875
20,20,1,0,1,10,796,0.048583984375
20,20,1,0,1,11,538,0.0328369140625
20,20,1,0,1,12,343,0.02093505859375
20,20,1,0,1,13,315,0.01922607421875
20,20,1,0,1,14,283,0.01727294921875
20,20,1,0,1,15,250,0.0152587890625
20,20,1,0,1,16,498,0.0303955078125
20,20,1,0,1,17,1426,0.0870361328125
20,20,2,1,0,0,144,0.0087890625
20,20,2,1,0,1,159,0.00970458984375
20,20,2,1,0,2,298,0.0181884765625
20,20,2,1,0,3,408,0.02490234375
20,20,2,1,0,4,357,0.02178955078125
20,20,2,1,0,5,580,0.035400390625
20,20,2,1,0,6,949,0.05792236328125
20,20,2,1,0,7,2237,0.13653564453125
20,20,2,1,0,8,4497,0.27447509765625
20,20,2,1,0,9,2163,0.13201904296875
20,20,2,1,0,10,813,0.04962158203125
20,20,2,1,0,11,640,0.0390625
20,20,2,1,0,12,392,0.02392578125
20,20,2,1,0,13,355,0.02166748046875
20,20,2,1,0,14,336,0.0205078125
20,20,2,1,0,15,268,0.016357421875
20,20,2,1,0,16,589,0.03594970703125
20,20,2,1,0,17,1199,0.07318115234375
20,20,3,1,1,0,148,0.009033203125
20,20,3,1,1,1,206,0.0125732421875
20,20,3,1,1,2,248,0.01513671875
20,20,3,1,1,3,318,0.0194091796875
20,20,3,1,1,4,332,0.020263671875
20,20,3,1,1,5,551,0.03363037109375
20,20,3,1,1,6,891,0.05438232421875
20,20,3,1,1,7,2085,0.12725830078125
20,20,3,1,1,8,3424,0.208984375
20,20,3,1,1,9,2434,0.1485595703125
20,20,3,1,1,10,1130,0.0689697265625
20,20,3,1,1,11,969,0.05914306640625
20,20,3,1,1,12,491,0.02996826171875
20,20,3,1,1,13,406,0.0247802734375
20,20,3,1,1,14,331,0.02020263671875
20,20,3,1,1,15,217,0.01324462890625
20,20,3,1,1,16,1002,0.0611572265625
20,20,3,1,1,17,1201,0.07330322265625
21,21,0,0,0,0,98,0.0059814453125
21,21,0,0,0,1,202,0.0123291015625
21,21,0,0,0,2,238,0.0145263671875
21,21,0,0,0,3,358,0.0218505859375
21,21,0,0,0,4,339,0.02069091796875
21,21,0,0,0,5,607,0.03704833984375
21,21,0,0,0,6,1045,0.06378173828125
21,21,0,0,0,7,2240,0.13671875
21,21,0,0,0,8,4627,0.28240966796875
21,21,0,0,0,9,1674,0.1021728515625
21,21,0,0,0,10,750,0.0457763671875
21,21,0,0,0,11,643,0.03924560546875
21,21,0,0,0,12,311,0.01898193359375
21,21,0,0,0,13,286,0.0174560546875
21,21,0,0,0,14,291,0.01776123046875
21,21,0,0,0,15,369,0.02252197265625
21,21,0,0,0,16,819,0.04998779296875
21,21,0,0,0,17,1487,0.09075927734375
21,21,1,0,1,0,140,0.008544921875
21,21,1,0,1,1,254,0.0155029296875
21,21,1,0,1,2,305,0.01861572265625
21,21,1,0,1,3,371,0.02264404296875
21,21,1,0,1,4,367,0.02239990234375
21,21,1,0,1,5,566,0.0345458984375
21,21,1,0,1,6,879,0.05364990234375
21,21,1,0,1,7,2342,0.1429443359375
21,21,1,0,1,8,4500,0.274658203125
21,21,1,0,1,9,2189,0.13360595703125
21,21,1,0,1,10,803,0.04901123046875
21,21,1,0,1,11,547,0.03338623046875
21,21,1,0,1,12,351,0.02142333984375
21,21,1,0,1,13,301,0.01837158203125
21,21,1,0,1,14,305,0.01861572265625
21,21,1,0,1,15,263,0.01605224609375
21,21,1,0,1,16,486,0.0296630859375
21,21,1,0,1,17,1415,0.08636474609375
21,21,2,1,0,0,135,0.00823974609375
21,21,2,1,0,1,186,0.0113525390625
21,21,2,1,0,2,274,0.0167236328125
21,21,2,1,0,3,384,0.0234375
21,21,2,1,0,4,360,0.02197265625
21,21,2,1,0,5,557,0.03399658203125
21,21,2,1,0,6,965,0.05889892578125
21,21,2,1,0,7,2249,0.13726806640625
21,21,2,1,0,8,4555,0.27801513671875
21,21,2,1,0,9,2125,0.12969970703125
21,21,2,1,0,10,801,0.04888916015625
21,21,2,1,0,11,618,0.0377197265625
21,21,2,1,0,12,365,0.02227783203125
21,21,2,1,0,13,364,0.022216796875
21,21,2,1,0,14,322,0.0196533203125
21,21,2,1,0,15,256,0.015625
21,21,2,1,0,16,571,0.03485107421875
21,21,2,1,0,17,1297,0.07916259765625
21,21,3,1,1,0,153,0.00933837890625
21,21,3,1,1,1,180,0.010986328125
21,21,3,1,1,2,247,0.01507568359375
21,21,3,1,1,3,320,0.01953125
21,21,3,1,1,4,347,0.02117919921875
21,21,3,1,1,5,531,0.03240966796875
21,21,3,1,1,6,855,0.05218505859375
21,21,3,1,1,7,2092,0.127685546875
21,21,3,1,1,8,3431,0.20941162109375
21,21,3,1,1,9,2446,0.1492919921875
21,21,3,1,1,10,1107,0.06756591796875
21,21,3,1,1,11,1011,0.06170654296875
21,21,3,1,1,12,482,0.0294189453125
21,21,3,1,1,13,404,0.024658203125
21,21,3,1,1,14,294,0.0179443359375
21,21,3,1,1,15,222,0.0135498046875
21,21,3,1,1,16,1017,0.06207275390625
21,21,3,1,1,17,1245,0.07598876953125
22,22,0,0,0,0,111,0.00677490234375
22,22,0,0,0,1,188,0.011474609375
22,22,0,0,0,2,241,0.01470947265625
22,22,0,0,0,3,321,0.01959228515625
22,22,0,0,0,4,370,0.0225830078125
22,22,0,0,0,5,621,0.03790283203125
22,22,0,0,0,6,1023,0.06243896484375
22,22,0,0,0,7,2249,0.13726806640625
22,22,0,0,0,8,4610,0.2813720703125
22,22,0,0,0,9,1714,0.1046142578125
22,22,0,0,0,10,762,0.0465087890625
22,22,0,0,0,11,649,0.03961181640625
22,22,0,0,0,12,310,0.0189208984375
22,22,0,0,0,13,254,0.0155029296875
22,22,0,0,0,14,277,0.01690673828125
22,22,0,0,0,15,362,0.0220947265625
22,22,0,0,0,16,820,0.050048828125
22,22,0,0,0,17,1502,0.0916748046875
22,22,1,0,1,0,161,0.00982666015625
22,22,1,0,1,1,257,0.01568603515625
22,22,1,0,1,2,310,0.0189208984375
22,22,1,0,1,3,361,0.02203369140625
22,22,1,0,1,4,354,0.0216064453125
22,22,1,0,1,5,566,0.0345458984375
22,22,1,0,1,6,878,0.0535888671875
22,22,1,0,1,7,2360,0.14404296875
22,22,1,0,1,8,4373,0.26690673828125
22,22,1,0,1,9,2227,0.13592529296875
22,22,1,0,1,10,794,0.0484619140625
22,22,1,0,1,11,628,0.038330078125
22,22,1,0,1,12,306,0.0186767578125
22,22,1,0,1,13,305,0.01861572265625
22,22,1,0,1,14,300,0.018310546875
22,22,1,0,1,15,278,0.0169677734375
22,22,1,0,1,16,502,0.0306396484375
22,22,1,0,1,17,1424,0.0869140625
22,22,2,1,0,0,130,0.0079345703125
22,22,2,1,0,1,169,0.01031494140625
22,22,2,1,0,2,277,0.01690673828125
22,22,2,1,0,3,400,0.0244140625
22,22,2,1,0,4,338,0.0206298828125
22,22,2,1,0,5,575,0.03509521484375
22,22,2,1,0,6,930,0.0567626953125
22,22,2,1,0,7,2242,0.1368408203125
22,22,2,1,0,8,4578,0.2794189453125
22,22,2,1,0,9,2163,0.13201904296875
22,22,2,1,0,10,776,0.04736328125
22,22,2,1,0,11,637,0.03887939453125
22,22,2,1,0,12,377,0.02301025390625
22,22,2,1,0,13,325,0.01983642578125
22,22,2,1,0,14,333,0.02032470703125
22,22,2,1,0,15,236,0.014404296875
22,22,2,1,0,16,651,0.03973388671875
22,22,2,1,0,17,1247,0.07611083984375
22,22,3,1,1,0,170,0.0103759765625
22,22,3,1,1,1,197,0.01202392578125
22,22,3,1,1,2,264,0.01611328125
22,22,3,1,1,3,337,0.02056884765625
22,22,3,1,1,4,313,0.01910400390625
22,22,3,1,1,5,575,0.03509521484375
22,22,3,1,1,6,883,0.05389404296875
22,22,3,1,1,7,1995,0.12176513671875
22,22,3,1,1,8,3449,0.21051025390625
22,22,3,1,1,9,2424,0.14794921875
22,22,3,1,1,10,1167,0.07122802734375
22,22,3,1,1,11,999,0.06097412109375
22,22,3,1,1,12,501,0.03057861328125
22,22,3,1,1,13,416,0.025390625
22,22,3,1,1,14,350,0.0213623046875
22,22,3,1,1,15,224,0.013671875
22,22,3,1,1,16,926,0.0565185546875
22,22,3,1,1,17,1194,0.0728759765625
23,23,0,0,0,0,102,0.0062255859375
23,23,0,0,0,1,171,0.01043701171875
23,23,0,0,0,2,208,0.0126953125
23,23,0,0,0,3,309,0.01885986328125
23,23,0,0,0,4,373,0.02276611328125
23,23,0,0,0,5,627,0.03826904296875
23,23,0,0,0,6,1011,0.06170654296875
23,23,0,0,0,7,2355,0.14373779296875
23,23,0,0,0,8,4636,0.282958984375
23,23,0,0,0,9,1759,0.10736083984375
23,23,0,0,0,10,763,0.04656982421875
23,23,0,0,0,11,608,0.037109375
23,23,0,0,0,12,297,0.01812744140625
23,23,0,0,0,13,255,0.01556396484375
23,23,0,0,0,14,295,0.01800537109375
23,23,0,0,0,15,392,0.02392578125
23,23,0,0,0,16,793,0.04840087890625
23,23,0,0,0,17,1430,0.0872802734375
23,23,1,0,1,0,162,0.0098876953125
23,23,1,0,1,1,263,0.01605224609375
23,23,1,0,1,2,317,0.01934814453125
23,23,1,0,1,3,363,0.02215576171875
23,23,1,0,1,4,370,0.0225830078125
23,23,1,0,1,5,548,0.033447265625
23,23,1,0,1,6,869,0.05303955078125
23,23,1,0,1,7,2318,0.1414794921875
23,23,1,0,1,8,4381,0.26739501953125
23,23,1,0,1,9,2220,0.135498046875
23,23,1,0,1,10,763,0.04656982421875
23,23,1,0,1,11,590,0.0360107421875
23,23,1,0,1,12,335,0.02044677734375
23,23,1,0,1,13,324,0.019775390625
23,23,1,0,1,14,314,0.0191650390625
23,23,1,0,1,15,279,0.01702880859375
23,23,1,0,1,16,579,0.03533935546875
23,23,1,0,1,17,1389,0.08477783203125
23,23,2,1,0,0,115,0.00701904296875
23,23,2,1,0,1,174,0.0106201171875
23,23,2,1,0,2,243,0.01483154296875
23,23,2,1,0,3,360,0.02197265625
23,23,2,1,0,4,352,0.021484375
23,23,2,1,0,5,600,0.03662109375
23,23,2,1,0,6,942,0.0574951171875
23,23,2,1,0,7,2339,0.14276123046875
23,23,2,1,0,8,4655,0.28411865234375
23,23,2,1,0,9,2023,0.12347412109375
23,23,2,1,0,10,783,0.04779052734375
23,23,2,1,0,11,650,0.0396728515625
23,23,2,1,0,12,364,0.022216796875
23,23,2,1,0,13,357,0.02178955078125
23,23,2,1,0,14,316,0.019287109375
23,23,2,1,0,15,279,0.01702880859375
23,23,2,1,0,16,604,0.036865234375
23,23,2,1,0,17,1228,0.074951171875
23,23,3,1,1,0,161,0.00982666015625
23,23,3,1,1,1,184,0.01123046875
23,23,3,1,1,2,300,0.018310546875
23,23,3,1,1,3,344,0.02099609375
23,23,3,1,1,4,346,0.0211181640625
23,23,3,1,1,5,523,0.03192138671875
23,23,3,1,1,6,867,0.05291748046875
23,23,3,1,1,7,1902,0.1160888671875
23,23,3,1,1,8,3379,0.20623779296875
23,23,3,1,1,9,2437,0.14874267578125
23,23,3,1,1,10,1234,0.0753173828125
23,23,3,1,1,11,966,0.0589599609375
23,23,3,1,1,12,513,0.03131103515625
23,23,3,1,1,13,437,0.02667236328125
23,23,3,1,1,14,354,0.0216064453125
23,23,3,1,1,15,214,0.0130615234375
23,23,3,1,1,16,995,0.06072998046875
23,23,3,1,1,17,1228,0.074951171875
24,24,0,0,0,0,105,0.00640869140625
24,24,0,0,0,1,158,0.0096435546875
24,24,0,0,0,2,224,0.013671875
24,24,0,0,0,3,279,0.01702880859375
24,24,0,0,0,4,360,0.02197265625
24,24,0,0,0,5,568,0.03466796875
24,24,0,0,0,6,996,0.060791015625
24,24,0,0,0,7,2460,0.150146484375
24,24,0,0,0,8,4566,0.2786865234375
24,24,0,0,0,9,1873,0.11431884765625
24,24,0,0,0,10,772,0.047119140625
24,24,0,0,0,11,661,0.04034423828125
24,24,0,0,0,12,288,0.017578125
24,24,0,0,0,13,282,0.0172119140625
24,24,0,0,0,14,270,0.0164794921875
24,24,0,0,0,15,368,0.0224609375
24,24,0,0,0,16,742,0.0452880859375
24,24,0,0,0,17,1412,0.086181640625
24,24,1,0,1,0,155,0.00946044921875
24,24,1,0,1,1,276,0.016845703125
24,24,1,0,1,2,304,0.0185546875
24,24,1,0,1,3,381,0.02325439453125
24,24,1,0,1,4,398,0.0242919921875
24,24,1,0,1,5,528,0.0322265625
24,24,1,0,1,6,906,0.0552978515625
24,24,1,0,1,7,2334,0.1424560546875
24,24,1,0,1,8,4358,0.2659912109375
24,24,1,0,1,9,2198,0.1341552734375
24,24,1,0,1,10,708,0.043212890625
24,24,1,0,1,11,561,0.03424072265625
24,24,1,0,1,12,360,0.02197265625
24,24,1,0,1,13,309,0.01885986328125
24,24,1,0,1,14,302,0.0184326171875
24,24,1,0,1,15,296,0.01806640625
24,24,1,0,1,16,600,0.03662109375
24,24,1,0,1,17,1410,0.0860595703125
24,24,2,1,0,0,119,0.00726318359375
24,24,2,1,0,1,160,0.009765625
24,24,2,1,0,2,220,0.013427734375
24,24,2,1,0,3,338,0.0206298828125
24,24,2,1,0,4,354,0.0216064453125
24,24,2,1,0,5,567,0.03460693359375
24,24,2,1,0,6,970,0.0592041015625
24,24,2,1,0,7,2448,0.1494140625
24,24,2,1,0,8,4604,0.281005859375
24,24,2,1,0,9,2036,0.124267578125
24,24,2,1,0,10,748,0.045654296875
24,24,2,1,0,11,628,0.038330078125
24,24,2,1,0,12,368,0.0224609375
24,24,2,1,0,13,314,0.0191650390625
24,24,2,1,0,14,322,0.0196533203125
24,24,2,1,0,15,269,0.01641845703125
24,24,2,1,0,16,661,0.04034423828125
24,24,2,1,0,17,1258,0.0767822265625
24,24,3,1,1,0,177,0.01080322265625
24,24,3,1,1,1,224,0.013671875
24,24,3,1,1,2,290,0.0177001953125
24,24,3,1,1,3,352,0.021484375
24,24,3,1,1,4,332,0.020263671875
24,24,3,1,1,5,552,0.03369140625
24,24,3,1,1,6,870,0.0531005859375
24,24,3,1,1,7,1915,0.11688232421875
24,24,3,1,1,8,3176,0.19384765625
24,24,3,1,1,9,2488,0.15185546875
24,24,3,1,1,10,1166,0.0711669921875
24,24,3,1,1,11,1064,0.06494140625
24,24,3,1,1,12,527,0.03216552734375
24,24,3,1,1,13,397,0.02423095703125
24,24,3,1,1,14,351,0.02142333984375
24,24,3,1,1,15,198,0.0120849609375
24,24,3,1,1,16,1126,0.0687255859375
24,24,3,1,1,17,1179,0.07196044921875
25,25,0,0,0,0,105,0.00640869140625
25,25,0,0,0,1,168,0.01025390625
25,25,0,0,0,2,211,0.01287841796875
25,25,0,0,0,3,329,0.02008056640625
25,25,0,0,0,4,339,0.02069091796875
25,25,0,0,0,5,597,0.03643798828125
25,25,0,0,0,6,993,0.06060791015625
25,25,0,0,0,7,2406,0.1468505859375
25,25,0,0,0,8,4501,0.27471923828125
25,25,0,0,0,9,1940,0.118408203125
25,25,0,0,0,10,757,0.04620361328125
25,25,0,0,0,11,681,0.04156494140625
25,25,0,0,0,12,313,0.01910400390625
25,25,0,0,0,13,268,0.016357421875
25,25,0,0,0,14,320,0.01953125
25,25,0,0,0,15,334,0.0203857421875
25,25,0,0,0,16,746,0.0455322265625
25,25,0,0,0,17,1376,0.083984375
25,25,1,0,1,0,162,0.0098876953125
25,25,1,0,1,1,256,0.015625
25,25,1,0,1,2,338,0.0206298828125
25,25,1,0,1,3,397,0.02423095703125
25,25,1,0,1,4,374,0.0228271484375
25,25,1,0,1,5,576,0.03515625
25,25,1,0,1,6,916,0.055908203125
25,25,1,0,1,7,2340,0.142822265625
25,25,1,0,1,8,4322,0.2637939453125
25,25,1,0,1,9,2095,0.12786865234375
25,25,1,0,1,10,759,0.04632568359375
25,25,1,0,1,11,527,0.03216552734375
25,25,1,0,1,12,355,0.02166748046875
25,25,1,0,1,13,296,0.01806640625
25,25,1,0,1,14,325,0.01983642578125
25,25,1,0,1,15,283,0.01727294921875
25,25,1,0,1,16,624,0.0380859375
25,25,1,0,1,17,1439,0.08782958984375
25,25,2,1,0,0,138,0.0084228515625
25,25,2,1,0,1,138,0.0084228515625
25,25,2,1,0,2,212,0.012939453125
25,25,2,1,0,3,395,0.02410888671875
25,25,2,1,0,4,348,0.021240234375
25,25,2,1,0,5,545,0.03326416015625
25,25,2,1,0,6,1010,0.0616455078125
25,25,2,1,0,7,2423,0.14788818359375
25,25,2,1,0,8,4506,0.2750244140625
25,25,2,1,0,9,2061,0.12579345703125
25,25,2,1,0,10,829,0.05059814453125
25,25,2,1,0,11,635,0.03875732421875
25,25,2,1,0,12,365,0.02227783203125
25,25,2,1,0,13,322,0.0196533203125
25,25,2,1,0,14,336,0.0205078125
25,25,2,1,0,15,264,0.01611328125
25,25,2,1,0,16,665,0.04058837890625
25,25,2,1,0,17,1192,0.07275390625
25,25,3,1,1,0,183,0.01116943359375
25,25,3,1,1,1,198,0.0120849609375
25,25,3,1,1,2,283,0.01727294921875
25,25,3,1,1,3,359,0.02191162109375
25,25,3,1,1,4,381,0.02325439453125
25,25,3,1,1,5,619,0.03778076171875
25,25,3,1,1,6,880,0.0537109375
25,25,3,1,1,7,1859,0.11346435546875
25,25,3,1,1,8,3364,0.205322265625
25,25,3,1,1,9,2455,0.14984130859375
25,25,3,1,1,10,1059,0.06463623046875
25,25,3,1,1,11,994,0.0606689453125
25,25,3,1,1,12,501,0.03057861328125
25,25,3,1,1,13,406,0.0247802734375
25,25,3,1,1,14,317,0.01934814453125
25,25,3,1,1,15,231,0.01409912109375
25,25,3,1,1,16,1026,0.0626220703125
25,25,3,1,1,17,1269,0.07745361328125
26,26,0,0,0,0,111,0.00677490234375
26,26,0,0,0,1,178,0.0108642578125
26,26,0,0,0,2,209,0.01275634765625
26,26,0,0,0,3,300,0.018310546875
26,26,0,0,0,4,368,0.0224609375
26,26,0,0,0,5,586,0.0357666015625
26,26,0,0,0,6,952,0.05810546875
26,26,0,0,0,7,2451,0.14959716796875
26,26,0,0,0,8,4406,0.2689208984375
26,26,0,0,0,9,1909,0.11651611328125
26,26,0,0,0,10,801,0.04888916015625
26,26,0,0,0,11,670,0.0408935546875
26,26,0,0,0,12,299,0.01824951171875
26,26,0,0,0,13,283,0.01727294921875
26,26,0,0,0,14,304,0.0185546875
26,26,0,0,0,15,378,0.0230712890625
26,26,0,0,0,16,697,0.04254150390625
26,26,0,0,0,17,1482,0.0904541015625
26,26,1,0,1,0,171,0.01043701171875
26,26,1,0,1,1,268,0.016357421875
26,26,1,0,1,2,327,0.01995849609375
26,26,1,0,1,3,375,0.02288818359375
26,26,1,0,1,4,388,0.023681640625
26,26,1,0,1,5,557,0.03399658203125
26,26,1,0,1,6,949,0.05792236328125
26,26,1,0,1,7,2291,0.13983154296875
26,26,1,0,1,8,4307,0.26287841796875
26,26,1,0,1,9,2182,0.1331787109375
26,26,1,0,1,10,765,0.04669189453125
26,26,1,0,1,11,522,0.0318603515625
26,26,1,0,1,12,371,0.02264404296875
26,26,1,0,1,13,293,0.01788330078125
26,26,1,0,1,14,314,0.0191650390625
26,26,1,0,1,15,304,0.0185546875
26,26,1,0,1,16,638,0.0389404296875
26,26,1,0,1,17,1362,0.0831298828125
26,26,2,1,0,0,128,0.0078125
26,26,2,1,0,1,149,0.00909423828125
26,26,2,1,0,2,238,0.0145263671875
26,26,2,1,0,3,356,0.021728515625
26,26,2,1,0,4,396,0.024169921875
26,26,2,1,0,5,624,0.0380859375
26,26,2,1,0,6,1008,0.0615234375
26,26,2,1,0,7,2361,0.14410400390625
26,26,2,1,0,8,4422,0.2698974609375
26,26,2,1,0,9,2036,0.124267578125
26,26,2,1,0,10,770,0.0469970703125
26,26,2,1,0,11,669,0.04083251953125
26,26,2,1,0,12,354,0.0216064453125
26,26,2,1,0,13,334,0.0203857421875
26,26,2,1,0,14,341,0.02081298828125
26,26,2,1,0,15,292,0.017822265625
26,26,2,1,0,16,687,0.04193115234375
26,26,2,1,0,17,1219,0.07440185546875
26,26,3,1,1,0,175,0.01068115234375
26,26,3,1,1,1,205,0.01251220703125
26,26,3,1,1,2,268,0.016357421875
26,26,3,1,1,3,370,0.0225830078125
26,26,3,1,1,4,405,0.02471923828125
26,26,3,1,1,5,584,0.03564453125
26,26,3,1,1,6,937,0.05718994140625
26,26,3,1,1,7,1976,0.12060546875
26,26,3,1,1,8,3416,0.20849609375
26,26,3,1,1,9,2429,0.14825439453125
26,26,3,1,1,10,1103,0.06732177734375
26,26,3,1,1,11,954,0.0582275390625
26,26,3,1,1,12,494,0.0301513671875
26,26,3,1,1,13,364,0.022216796875
26,26,3,1,1,14,302,0.0184326171875
26,26,3,1,1,15,225,0.01373291015625
26,26,3,1,1,16,889,0.05426025390625
26,26,3,1,1,17,1288,0.07861328125
27,27,0,0,0,0,104,0.00634765625
27,27,0,0,0,1,180,0.010986328125
27,27,0,0,0,2,211,0.01287841796875
27,27,0,0,0,3,343,0.02093505859375
27,27,0,0,0,4,358,0.0218505859375
27,27,0,0,0,5,573,0.03497314453125
27,27,0,0,0,6,972,0.059326171875
27,27,0,0,0,7,2505,0.15289306640625
27,27,0,0,0,8,4385,0.26763916015625
27,27,0,0,0,9,1921,0.11724853515625
27,27,0,0,0,10,796,0.048583984375
27,27,0,0,0,11,579,0.03533935546875
27,27,0,0,0,12,314,0.0191650390625
27,27,0,0,0,13,299,0.01824951171875
27,27,0,0,0,14,310,0.0189208984375
27,27,0,0,0,15,352,0.021484375
27,27,0,0,0,16,757,0.04620361328125
27,27,0,0,0,17,1425,0.08697509765625
27,27,1,0,1,0,150,0.0091552734375
27,27,1,0,1,1,269,0.01641845703125
27,27,1,0,1,2,342,0.0208740234375
27,27,1,0,1,3,380,0.023193359375
27,27,1,0,1,4,389,0.02374267578125
27,27,1,0,1,5,536,0.03271484375
27,27,1,0,1,6,929,0.05670166015625
27,27,1,0,1,7,2322,0.1417236328125
27,27,1,0,1,8,4344,0.26513671875
27,27,1,0,1,9,2202,0.1343994140625
27,27,1,0,1,10,739,0.04510498046875
27,27,1,0,1,11,543,0.03314208984375
27,27,1,0,1,12,338,0.0206298828125
27,27,1,0,1,13,307,0.01873779296875
27,27,1,0,1,14,279,0.01702880859375
27,27,1,0,1,15,318,0.0194091796875
27,27,1,0,1,16,617,0.03765869140625
27,27,1,0,1,17,1380,0.084228515625
27,27,2,1,0,0,129,0.00787353515625
27,27,2,1,0,1,128,0.0078125
27,27,2,1,0,2,253,0.01544189453125
27,27,2,1,0,3,357,0.02178955078125
27,27,2,1,0,4,385,0.02349853515625
27,27,2,1,0,5,627,0.03826904296875
27,27,2,1,0,6,1056,0.064453125
27,27,2,1,0,7,2375,0.14495849609375
27,27,2,1,0,8,4392,0.26806640625
27,27,2,1,0,9,2034,0.1241455078125
27,27,2,1,0,10,798,0.0487060546875
27,27,2,1,0,11,655,0.03997802734375
27,27,2,1,0,12,360,0.02197265625
27,27,2,1,0,13,301,0.01837158203125
27,27,2,1,0,14,324,0.019775390625
27,27,2,1,0,15,297,0.01812744140625
27,27,2,1,0,16,744,0.04541015625
27,27,2,1,0,17,1169,0.07135009765625
27,27,3,1,1,0,186,0.0113525390625
27,27,3,1,1,1,199,0.01214599609375
27,27,3,1,1,2,274,0.0167236328125
27,27,3,1,1,3,394,0.0240478515625
27,27,3,1,1,4,386,0.0235595703125
27,27,3,1,1,5,645,0.03936767578125
27,27,3,1,1,6,959,0.05853271484375
27,27,3,1,1,7,2002,0.1221923828125
27,27,3,1,1,8,3611,0.22039794921875
27,27,3,1,1,9,2371,0.14471435546875
27,27,3,1,1,10,1063,0.06488037109375
27,27,3,1,1,11,905,0.05523681640625
27,27,3,1,1,12,489,0.02984619140625
27,27,3,1,1,13,385,0.02349853515625
27,27,3,1,1,14,325,0.01983642578125
27,27,3,1,1,15,175,0.01068115234375
27,27,3,1,1,16,853,0.05206298828125
27,27,3,1,1,17,1162,0.0709228515625
28,28,0,0,0,0,100,0.006103515625
28,28,0,0,0,1,163,0.00994873046875
28,28,0,0,0,2,235,0.01434326171875
28,28,0,0,0,3,354,0.0216064453125
28,28,0,0,0,4,373,0.02276611328125
28,28,0,0,0,5,592,0.0361328125
28,28,0,0,0,6,953,0.05816650390625
28,28,0,0,0,7,2488,0.15185546875
28,28,0,0,0,8,4377,0.26715087890625
28,28,0,0,0,9,2005,0.12237548828125
28,28,0,0,0,10,781,0.04766845703125
28,28,0,0,0,11,639,0.03900146484375
28,28,0,0,0,12,281,0.01715087890625
28,28,0,0,0,13,290,0.0177001953125
28,28,0,0,0,14,272,0.0166015625
28,28,0,0,0,15,347,0.02117919921875
28,28,0,0,0,16,734,0.0447998046875
28,28,0,0,0,17,1400,0.08544921875
28,28,1,0,1,0,153,0.00933837890625
28,28,1,0,1,1,265,0.01617431640625
28,28,1,0,1,2,349,0.02130126953125
28,28,1,0,1,3,349,0.02130126953125
28,28,1,0,1,4,353,0.02154541015625
28,28,1,0,1,5,605,0.03692626953125
28,28,1,0,1,6,899,0.05487060546875
28,28,1,0,1,7,2330,0.1422119140625
28,28,1,0,1,8,4327,0.26409912109375
28,28,1,0,1,9,2118,0.1292724609375
28,28,1,0,1,10,710,0.0433349609375
28,28,1,0,1,11,581,0.03546142578125
28,28,1,0,1,12,324,0.019775390625
28,28,1,0,1,13,307,0.01873779296875
28,28,1,0,1,14,314,0.0191650390625
28,28,1,0,1,15,292,0.017822265625
28,28,1,0,1,16,647,0.03948974609375
28,28,1,0,1,17,1461,0.08917236328125
28,28,2,1,0,0,150,0.0091552734375
28,28,2,1,0,1,137,0.00836181640625
28,28,2,1,0,2,240,0.0146484375
28,28,2,1,0,3,368,0.0224609375
28,28,2,1,0,4,395,0.02410888671875
28,28,2,1,0,5,606,0.0369873046875
28,28,2,1,0,6,1026,0.0626220703125
28,28,2,1,0,7,2347,0.14324951171875
28,28,2,1,0,8,4322,0.2637939453125
28,28,2,1,0,9,2057,0.12554931640625
28,28,2,1,0,10,833,0.05084228515625
28,28,2,1,0,11,684,0.041748046875
28,28,2,1,0,12,381,0.02325439453125
28,28,2,1,0,13,322,0.0196533203125
28,28,2,1,0,14,358,0.0218505859375
28,28,2,1,0,15,277,0.01690673828125
28,28,2,1,0,16,719,0.04388427734375
28,28,2,1,0,17,1162,0.0709228515625
28,28,3,1,1,0,189,0.01153564453125
28,28,3,1,1,1,174,0.0106201171875
28,28,3,1,1,2,280,0.01708984375
28,28,3,1,1,3,413,0.02520751953125
28,28,3,1,1,4,401,0.02447509765625
28,28,3,1,1,5,660,0.040283203125
28,28,3,1,1,6,953,0.05816650390625
28,28,3,1,1,7,2074,0.1265869140625
28,28,3,1,1,8,3559,0.21722412109375
28,28,3,1,1,9,2338,0.1427001953125
28,28,3,1,1,10,1162,0.0709228515625
28,28,3,1,1,11,863,0.05267333984375
28,28,3,1,1,12,489,0.02984619140625
28,28,3,1,1,13,375,0.02288818359375
28,28,3,1,1,14,315,0.01922607421875
28,28,3,1,1,15,203,0.01239013671875
28,28,3,1,1,16,797,0.04864501953125
28,28,3,1,1,17,1139,0.06951904296875
29,29,0,0,0,0,86,0.0052490234375
29,29,0,0,0,1,186,0.0113525390625
29,29,0,0,0,2,234,0.0142822265625
29,29,0,0,0,3,362,0.0220947265625
29,29,0,0,0,4,366,0.0223388671875
29,29,0,0,0,5,580,0.035400390625
29,29,0,0,0,6,989,0.06036376953125
29,29,0,0,0,7,2469,0.15069580078125
29,29,0,0,0,8,4347,0.26531982421875
29,29,0,0,0,9,1980,0.120849609375
29,29,0,0,0,10,763,0.04656982421875
29,29,0,0,0,11,629,0.03839111328125
29,29,0,0,0,12,336,0.0205078125
29,29,0,0,0,13,273,0.01666259765625
29,29,0,0,0,14,280,0.01708984375
29,29,0,0,0,15,339,0.02069091796875
29,29,0,0,0,16,735,0.04486083984375
29,29,0,0,0,17,1430,0.0872802734375
29,29,1,0,1,0,151,0.00921630859375
29,29,1,0,1,1,273,0.01666259765625
29,29,1,0,1,2,327,0.01995849609375
29,29,1,0,1,3,375,0.02288818359375
29,29,1,0,1,4,381,0.02325439453125
29,29,1,0,1,5,546,0.0333251953125
29,29,1,0,1,6,920,0.05615234375
29,29,1,0,1,7,2374,0.1448974609375
29,29,1,0,1,8,4295,0.26214599609375
29,29,1,0,1,9,2106,0.1285400390625
29,29,1,0,1,10,711,0.04339599609375
29,29,1,0,1,11,598,0.0364990234375
29,29,1,0,1,12,333,0.02032470703125
29,29,1,0,1,13,298,0.0181884765625
29,29,1,0,1,14,291,0.01776123046875
29,29,1,0,1,15,314,0.0191650390625
29,29,1,0,1,16,612,0.037353515625
29,29,1,0,1,17,1479,0.09027099609375
29,29,2,1,0,0,153,0.00933837890625
29,29,2,1,0,1,167,0.01019287109375
29,29,2,1,0,2,247,0.01507568359375
29,29,2,1,0,3,373,0.02276611328125
29,29,2,1,0,4,366,0.0223388671875
29,29,2,1,0,5,627,0.03826904296875
29,29,2,1,0,6,1000,0.06103515625
29,29,2,1,0,7,2296,0.14013671875
29,29,2,1,0,8,4309,0.26300048828125
29,29,2,1,0,9,2150,0.1312255859375
29,29,2,1,0,10,805,0.04913330078125
29,29,2,1,0,11,692,0.042236328125
29,29,2,1,0,12,368,0.0224609375
29,29,2,1,0,13,352,0.021484375
29,29,2,1,0,14,324,0.019775390625
29,29,2,1,0,15,247,0.01507568359375
29,29,2,1,0,16,739,0.04510498046875
29,29,2,1,0,17,1169,0.07135009765625
29,29,3,1,1,0,205,0.01251220703125
29,29,3,1,1,1,186,0.0113525390625
29,29,3,1,1,2,257,0.01568603515625
29,29,3,1,1,3,383,0.02337646484375
29,29,3,1,1,4,432,0.0263671875
29,29,3,1,1,5,652,0.039794921875
29,29,3,1,1,6,908,0.055419921875
29,29,3,1,1,7,1960,0.11962890625
29,29,3,1,1,8,3680,0.224609375
29,29,3,1,1,9,2439,0.14886474609375
29,29,3,1,1,10,1188,0.072509765625
29,29,3,1,1,11,936,0.05712890625
29,29,3,1,1,12,503,0.03070068359375
29,29,3,1,1,13,349,0.02130126953125
29,29,3,1,1,14,258,0.0157470703125
29,29,3,1,1,15,156,0.009521484375
29,29,3,1,1,16,720,0.0439453125
29,29,3,1,1,17,1172,0.071533203125
30,30,0,0,0,0,92,0.005615234375
30,30,0,0,0,1,189,0.01153564453125
30,30,0,0,0,2,225,0.01373291015625
30,30,0,0,0,3,330,0.0201416015625
30,30,0,0,0,4,390,0.0238037109375
30,30,0,0,0,5,589,0.03594970703125
30,30,0,0,0,6,987,0.06024169921875
30,30,0,0,0,7,2575,0.15716552734375
30,30,0,0,0,8,4305,0.26275634765625
30,30,0,0,0,9,2003,0.12225341796875
30,30,0,0,0,10,749,0.04571533203125
30,30,0,0,0,11,637,0.03887939453125
30,30,0,0,0,12,307,0.01873779296875
30,30,0,0,0,13,281,0.01715087890625
30,30,0,0,0,14,259,0.01580810546875
30,30,0,0,0,15,351,0.02142333984375
30,30,0,0,0,16,740,0.045166015625
30,30,0,0,0,17,1375,0.08392333984375
30,30,1,0,1,0,155,0.00946044921875
30,30,1,0,1,1,228,0.013916015625
30,30,1,0,1,2,308,0.018798828125
30,30,1,0,1,3,401,0.02447509765625
30,30,1,0,1,4,382,0.0233154296875
30,30,1,0,1,5,599,0.03656005859375
30,30,1,0,1,6,996,0.060791015625
30,30,1,0,1,7,2351,0.14349365234375
30,30,1,0,1,8,4238,0.2586669921875
30,30,1,0,1,9,2139,0.13055419921875
30,30,1,0,1,10,701,0.04278564453125
30,30,1,0,1,11,543,0.03314208984375
30,30,1,0,1,12,336,0.0205078125
30,30,1,0,1,13,338,0.0206298828125
30,30,1,0,1,14,305,0.01861572265625
30,30,1,0,1,15,291,0.01776123046875
30,30,1,0,1,16,641,0.03912353515625
30,30,1,0,1,17,1432,0.08740234375
30,30,2,1,0,0,162,0.0098876953125
30,30,2,1,0,1,144,0.0087890625
30,30,2,1,0,2,229,0.01397705078125
30,30,2,1,0,3,376,0.02294921875
30,30,2,1,0,4,377,0.02301025390625
30,30,2,1,0,5,607,0.03704833984375
30,30,2,1,0,6,981,0.05987548828125
30,30,2,1,0,7,2352,0.1435546875
30,30,2,1,0,8,4339,0.26483154296875
30,30,2,1,0,9,2116,0.129150390625
30,30,2,1,0,10,847,0.05169677734375
30,30,2,1,0,11,656,0.0400390625
30,30,2,1,0,12,376,0.02294921875
30,30,2,1,0,13,348,0.021240234375
30,30,2,1,0,14,314,0.0191650390625
30,30,2,1,0,15,297,0.01812744140625
30,30,2,1,0,16,616,0.03759765625
30,30,2,1,0,17,1247,0.07611083984375
30,30,3,1,1,0,182,0.0111083984375
30,30,3,1,1,1,223,0.01361083984375
30,30,3,1,1,2,302,0.0184326171875
30,30,3,1,1,3,399,0.02435302734375
30,30,3,1,1,4,415,0.02532958984375
30,30,3,1,1,5,637,0.03887939453125
30,30,3,1,1,6,928,0.056640625
30,30,3,1,1,7,1867,0.11395263671875
30,30,3,1,1,8,3722,0.2271728515625
30,30,3,1,1,9,2457,0.14996337890625
30,30,3,1,1,10,1152,0.0703125
30,30,3,1,1,11,903,0.05511474609375
30,30,3,1,1,12,494,0.0301513671875
30,30,3,1,1,13,373,0.02276611328125
30,30,3,1,1,14,290,0.0177001953125
30,30,3,1,1,15,169,0.01031494140625
30,30,3,1,1,16,715,0.04364013671875
30,30,3,1,1,17,1156,0.070556640625
31,31,0,0,0,0,99,0.00604248046875
31,31,0,0,0,1,169,0.01031494140625
31,31,0,0,0,2,251,0.01531982421875
31,31,0,0,0,3,342,0.0208740234375
31,31,0,0,0,4,341,0.02081298828125
31,31,0,0,0,5,620,0.037841796875
31,31,0,0,0,6,1018,0.0621337890625
31,31,0,0,0,7,2525,0.15411376953125
31,31,0,0,0,8,4290,0.2618408203125
31,31,0,0,0,9,2088,0.12744140625
31,31,0,0,0,10,755,0.04608154296875
31,31,0,0,0,11,634,0.0386962890625
31,31,0,0,0,12,286,0.0174560546875
31,31,0,0,0,13,275,0.01678466796875
31,31,0,0,0,14,281,0.01715087890625
31,31,0,0,0,15,322,0.0196533203125
31,31,0,0,0,16,756,0.046142578125
31,31,0,0,0,17,1332,0.081298828125
31,31,1,0,1,0,169,0.01031494140625
31,31,1,0,1,1,246,0.0150146484375
31,31,1,0,1,2,315,0.01922607421875
31,31,1,0,1,3,376,0.02294921875
31,31,1,0,1,4,385,0.02349853515625
31,31,1,0,1,5,568,0.03466796875
31,31,1,0,1,6,978,0.0596923828125
31,31,1,0,1,7,2353,0.14361572265625
31,31,1,0,1,8,4272,0.2607421875
31,31,1,0,1,9,2119,0.12933349609375
31,31,1,0,1,10,726,0.0443115234375
31,31,1,0,1,11,584,0.03564453125
31,31,1,0,1,12,306,0.0186767578125
31,31,1,0,1,13,340,0.020751953125
31,31,1,0,1,14,312,0.01904296875
31,31,1,0,1,15,309,0.01885986328125
31,31,1,0,1,16,592,0.0361328125
31,31,1,0,1,17,1434,0.0875244140625
31,31,2,1,0,0,166,0.0101318359375
31,31,2,1,0,1,153,0.00933837890625
31,31,2,1,0,2,236,0.014404296875
31,31,2,1,0,3,346,0.0211181640625
31,31,2,1,0,4,385,0.02349853515625
31,31,2,1,0,5,589,0.03594970703125
31,31,2,1,0,6,952,0.05810546875
31,31,2,1,0,7,2373,0.14483642578125
31,31,2,1,0,8,4391,0.26800537109375
31,31,2,1,0,9,2206,0.1346435546875
31,31,2,1,0,10,828,0.050537109375
31,31,2,1,0,11,681,0.04156494140625
31,31,2,1,0,12,354,0.0216064453125
31,31,2,1,0,13,348,0.021240234375
31,31,2,1,0,14,325,0.01983642578125
31,31,2,1,0,15,249,0.01519775390625
31,31,2,1,0,16,664,0.04052734375
31,31,2,1,0,17,1138,0.0694580078125
31,31,3,1,1,0,204,0.012451171875
31,31,3,1,1,1,186,0.0113525390625
31,31,3,1,1,2,290,0.0177001953125
31,31,3,1,1,3,433,0.02642822265625
31,31,3,1,1,4,418,0.0255126953125
31,31,3,1,1,5,614,0.0374755859375
31,31,3,1,1,6,947,0.05780029296875
31,31,3,1,1,7,1889,0.11529541015625
31,31,3,1,1,8,3775,0.23040771484375
31,31,3,1,1,9,2497,0.15240478515625
31,31,3,1,1,10,1179,0.07196044921875
31,31,3,1,1,11,851,0.05194091796875
31,31,3,1,1,12,487,0.02972412109375
31,31,3,1,1,13,383,0.02337646484375
31,31,3,1,1,14,276,0.016845703125
31,31,3,1,1,15,169,0.01031494140625
31,31,3,1,1,16,661,0.04034423828125
31,31,3,1,1,17,1125,0.06866455078125
32,32,0,0,0,0,102,0.0062255859375
32,32,0,0,0,1,162,0.0098876953125
32,32,0,0,0,2,201,0.01226806640625
32,32,0,0,0,3,322,0.0196533203125
32,32,0,0,0,4,396,0.024169921875
32,32,0,0,0,5,614,0.0374755859375
32,32,0,0,0,6,939,0.05731201171875
32,32,0,0,0,7,2611,0.15936279296875
32,32,0,0,0,8,4214,0.2572021484375
32,32,0,0,0,9,2055,0.12542724609375
32,32,0,0,0,10,750,0.0457763671875
32,32,0,0,0,11,653,0.03985595703125
32,32,0,0,0,12,278,0.0169677734375
32,32,0,0,0,13,264,0.01611328125
32,32,0,0,0,14,279,0.01702880859375
32,32,0,0,0,15,344,0.02099609375
32,32,0,0,0,16,729,0.04449462890625
32,32,0,0,0,17,1471,0.08978271484375
32,32,1,0,1,0,174,0.0106201171875
32,32,1,0,1,1,226,0.0137939453125
32,32,1,0,1,2,365,0.02227783203125
32,32,1,0,1,3,397,0.02423095703125
32,32,1,0,1,4,387,0.02362060546875
32,32,1,0,1,5,525,0.03204345703125
32,32,1,0,1,6,968,0.05908203125
32,32,1,0,1,7,2340,0.142822265625
32,32,1,0,1,8,4240,0.2587890625
32,32,1,0,1,9,2143,0.13079833984375
32,32,1,0,1,10,770,0.0469970703125
32,32,1,0,1,11,547,0.03338623046875
32,32,1,0,1,12,332,0.020263671875
32,32,1,0,1,13,307,0.01873779296875
32,32,1,0,1,14,339,0.02069091796875
32,32,1,0,1,15,312,0.01904296875
32,32,1,0,1,16,600,0.03662109375
32,32,1,0,1,17,1412,0.086181640625
32,32,2,1,0,0,151,0.00921630859375
32,32,2,1,0,1,152,0.00927734375
32,32,2,1,0,2,229,0.01397705078125
32,32,2,1,0,3,373,0.02276611328125
32,32,2,1,0,4,399,0.02435302734375
32,32,2,1,0,5,598,0.0364990234375
32,32,2,1,0,6,914,0.0557861328125
32,32,2,1,0,7,2395,0.14617919921875
32,32,2,1,0,8,4398,0.2684326171875
32,32,2,1,0,9,2224,0.1357421875
32,32,2,1,0,10,777,0.04742431640625
32,32,2,1,0,11,630,0.0384521484375
32,32,2,1,0,12,406,0.0247802734375
32,32,2,1,0,13,330,0.0201416015625
32,32,2,1,0,14,312,0.01904296875
32,32,2,1,0,15,253,0.01544189453125
32,32,2,1,0,16,684,0.041748046875
32,32,2,1,0,17,1159,0.07073974609375
32,32,3,1,1,0,189,0.01153564453125
32,32,3,1,1,1,188,0.011474609375
32,32,3,1,1,2,257,0.01568603515625
32,32,3,1,1,3,411,0.02508544921875
32,32,3,1,1,4,419,0.02557373046875
32,32,3,1,1,5,629,0.03839111328125
32,32,3,1,1,6,937,0.05718994140625
32,32,3,1,1,7,1957,0.11944580078125
32,32,3,1,1,8,3824,0.2333984375
32,32,3,1,1,9,2568,0.15673828125
32,32,3,1,1,10,1157,0.07061767578125
32,32,3,1,1,11,823,0.05023193359375
32,32,3,1,1,12,476,0.029052734375
32,32,3,1,1,13,353,0.02154541015625
32,32,3,1,1,14,257,0.01568603515625
32,32,3,1,1,15,167,0.01019287109375
32,32,3,1,1,16,673,0.04107666015625
32,32,3,1,1,17,1099,0.06707763671875
33,33,0,0,0,0,109,0.00665283203125
33,33,0,0,0,1,165,0.01007080078125
33,33,0,0,0,2,212,0.012939453125
33,33,0,0,0,3,309,0.01885986328125
33,33,0,0,0,4,362,0.0220947265625
33,33,0,0,0,5,606,0.0369873046875
33,33,0,0,0,6,1006,0.0614013671875
33,33,0,0,0,7,2653,0.16192626953125
33,33,0,0,0,8,4179,0.25506591796875
33,33,0,0,0,9,2011,0.12274169921875
33,33,0,0,0,10,711,0.04339599609375
33,33,0,0,0,11,649,0.03961181640625
33,33,0,0,0,12,302,0.0184326171875
33,33,0,0,0,13,260,0.015869140625
33,33,0,0,0,14,286,0.0174560546875
33,33,0,0,0,15,352,0.021484375
33,33,0,0,0,16,810,0.0494384765625
33,33,0,0,0,17,1402,0.0855712890625
33,33,1,0,1,0,176,0.0107421875
33,33,1,0,1,1,261,0.01593017578125
33,33,1,0,1,2,328,0.02001953125
33,33,1,0,1,3,399,0.02435302734375
33,33,1,0,1,4,358,0.0218505859375
33,33,1,0,1,5,516,0.031494140625
33,33,1,0,1,6,894,0.0545654296875
33,33,1,0,1,7,2455,0.14984130859375
33,33,1,0,1,8,4192,0.255859375
33,33,1,0,1,9,2227,0.13592529296875
33,33,1,0,1,10,724,0.044189453125
33,33,1,0,1,11,541,0.03302001953125
33,33,1,0,1,12,293,0.01788330078125
33,33,1,0,1,13,341,0.02081298828125
33,33,1,0,1,14,293,0.01788330078125
33,33,1,0,1,15,305,0.01861572265625
33,33,1,0,1,16,602,0.0367431640625
33,33,1,0,1,17,1479,0.09027099609375
33,33,2,1,0,0,165,0.01007080078125
33,33,2,1,0,1,177,0.01080322265625
33,33,2,1,0,2,230,0.0140380859375
33,33,2,1,0,3,391,0.02386474609375
33,33,2,1,0,4,407,0.02484130859375
33,33,2,1,0,5,562,0.0343017578125
33,33,2,1,0,6,920,0.05615234375
33,33,2,1,0,7,2396,0.146240234375
33,33,2,1,0,8,4307,0.26287841796875
33,33,2,1,0,9,2228,0.135986328125
33,33,2,1,0,10,835,0.05096435546875
33,33,2,1,0,11,653,0.03985595703125
33,33,2,1,0,12,393,0.02398681640625
33,33,2,1,0,13,311,0.01898193359375
33,33,2,1,0,14,298,0.0181884765625
33,33,2,1,0,15,261,0.01593017578125
33,33,2,1,0,16,640,0.0390625
33,33,2,1,0,17,1210,0.0738525390625
33,33,3,1,1,0,162,0.0098876953125
33,33,3,1,1,1,217,0.01324462890625
33,33,3,1,1,2,293,0.01788330078125
33,33,3,1,1,3,377,0.02301025390625
33,33,3,1,1,4,360,0.02197265625
33,33,3,1,1,5,577,0.03521728515625
33,33,3,1,1,6,819,0.04998779296875
33,33,3,1,1,7,1866,0.1138916015625
33,33,3,1,1,8,4033,0.24615478515625
33,33,3,1,1,9,2698,0.1646728515625
33,33,3,1,1,10,1127,0.06878662109375
33,33,3,1,1,11,786,0.0479736328125
33,33,3,1,1,12,431,0.02630615234375
33,33,3,1,1,13,326,0.0198974609375
33,33,3,1,1,14,275,0.01678466796875
33,33,3,1,1,15,177,0.01080322265625
33,33,3,1,1,16,675,0.04119873046875
33,33,3,1,1,17,1185,0.07232666015625
34,34,0,0,0,0,118,0.0072021484375
34,34,0,0,0,1,192,0.01171875
34,34,0,0,0,2,235,0.01434326171875
34,34,0,0,0,3,332,0.020263671875
34,34,0,0,0,4,351,0.02142333984375
34,34,0,0,0,5,577,0.03521728515625
34,34,0,0,0,6,994,0.0606689453125
34,34,0,0,0,7,2541,0.15509033203125
34,34,0,0,0,8,4171,0.25457763671875
34,34,0,0,0,9,2056,0.12548828125
34,34,0,0,0,10,767,0.04681396484375
34,34,0,0,0,11,640,0.0390625
34,34,0,0,0,12,286,0.0174560546875
34,34,0,0,0,13,268,0.016357421875
34,34,0,0,0,14,291,0.01776123046875
34,34,0,0,0,15,339,0.02069091796875
34,34,0,0,0,16,819,0.04998779296875
34,34,0,0,0,17,1407,0.08587646484375
34,34,1,0,1,0,166,0.0101318359375
34,34,1,0,1,1,251,0.01531982421875
34,34,1,0,1,2,297,0.01812744140625
34,34,1,0,1,3,406,0.0247802734375
34,34,1,0,1,4,365,0.02227783203125
34,34,1,0,1,5,527,0.03216552734375
34,34,1,0,1,6,880,0.0537109375
34,34,1,0,1,7,2443,0.14910888671875
34,34,1,0,1,8,4190,0.2557373046875
34,34,1,0,1,9,2284,0.139404296875
34,34,1,0,1,10,747,0.04559326171875
34,34,1,0,1,11,556,0.033935546875
34,34,1,0,1,12,319,0.01947021484375
34,34,1,0,1,13,286,0.0174560546875
34,34,1,0,1,14,283,0.01727294921875
34,34,1,0,1,15,289,0.01763916015625
34,34,1,0,1,16,585,0.03570556640625
34,34,1,0,1,17,1510,0.0921630859375
34,34,2,1,0,0,199,0.01214599609375
34,34,2,1,0,1,204,0.012451171875
34,34,2,1,0,2,234,0.0142822265625
34,34,2,1,0,3,359,0.02191162109375
34,34,2,1,0,4,428,0.026123046875
34,34,2,1,0,5,601,0.03668212890625
34,34,2,1,0,6,874,0.0533447265625
34,34,2,1,0,7,2244,0.136962890625
34,34,2,1,0,8,4243,0.25897216796875
34,34,2,1,0,9,2175,0.13275146484375
34,34,2,1,0,10,835,0.05096435546875
34,34,2,1,0,11,764,0.046630859375
34,34,2,1,0,12,363,0.02215576171875
34,34,2,1,0,13,337,0.02056884765625
34,34,2,1,0,14,337,0.02056884765625
34,34,2,1,0,15,240,0.0146484375
34,34,2,1,0,16,681,0.04156494140625
34,34,2,1,0,17,1266,0.0772705078125
34,34,3,1,1,0,175,0.01068115234375
34,34,3,1,1,1,161,0.00982666015625
34,34,3,1,1,2,248,0.01513671875
34,34,3,1,1,3,330,0.0201416015625
34,34,3,1,1,4,365,0.02227783203125
34,34,3,1,1,5,576,0.03515625
34,34,3,1,1,6,854,0.0521240234375
34,34,3,1,1,7,1871,0.11419677734375
34,34,3,1,1,8,4027,0.24578857421875
34,34,3,1,1,9,2816,0.171875
34,34,3,1,1,10,1163,0.07098388671875
34,34,3,1,1,11,794,0.0484619140625
34,34,3,1,1,12,404,0.024658203125
34,34,3,1,1,13,346,0.0211181640625
34,34,3,1,1,14,266,0.0162353515625
34,34,3,1,1,15,159,0.00970458984375
34,34,3,1,1,16,701,0.04278564453125
34,34,3,1,1,17,1128,0.06884765625
35,35,0,0,0,0,107,0.00653076171875
35,35,0,0,0,1,177,0.01080322265625
35,35,0,0,0,2,250,0.0152587890625
35,35,0,0,0,3,353,0.02154541015625
35,35,0,0,0,4,367,0.02239990234375
35,35,0,0,0,5,571,0.03485107421875
35,35,0,0,0,6,996,0.060791015625
35,35,0,0,0,7,2580,0.157470703125
35,35,0,0,0,8,4074,0.2486572265625
35,35,0,0,0,9,2026,0.1236572265625
35,35,0,0,0,10,771,0.04705810546875
35,35,0,0,0,11,657,0.04010009765625
35,35,0,0,0,12,312,0.01904296875
35,35,0,0,0,13,303,0.01849365234375
35,35,0,0,0,14,269,0.01641845703125
35,35,0,0,0,15,361,0.02203369140625
35,35,0,0,0,16,804,0.049072265625
35,35,0,0,0,17,1406,0.0858154296875
35,35,1,0,1,0,151,0.00921630859375
35,35,1,0,1,1,279,0.01702880859375
35,35,1,0,1,2,314,0.0191650390625
35,35,1,0,1,3,403,0.02459716796875
35,35,1,0,1,4,373,0.02276611328125
35,35,1,0,1,5,522,0.0318603515625
35,35,1,0,1,6,913,0.05572509765625
35,35,1,0,1,7,2320,0.1416015625
35,35,1,0,1,8,4324,0.263916015625
35,35,1,0,1,9,2303,0.14056396484375
35,35,1,0,1,10,751,0.04583740234375
35,35,1,0,1,11,551,0.03363037109375
35,35,1,0,1,12,324,0.019775390625
35,35,1,0,1,13,304,0.0185546875
35,35,1,0,1,14,322,0.0196533203125
35,35,1,0,1,15,285,0.01739501953125
35,35,1,0,1,16,520,0.03173828125
35,35,1,0,1,17,1425,0.08697509765625
35,35,2,1,0,0,157,0.00958251953125
35,35,2,1,0,1,205,0.01251220703125
35,35,2,1,0,2,259,0.01580810546875
35,35,2,1,0,3,404,0.024658203125
35,35,2,1,0,4,399,0.02435302734375
35,35,2,1,0,5,611,0.03729248046875
35,35,2,1,0,6,882,0.0538330078125
35,35,2,1,0,7,2208,0.134765625
35,35,2,1,0,8,4263,0.26019287109375
35,35,2,1,0,9,2228,0.135986328125
35,35,2,1,0,10,825,0.05035400390625
35,35,2,1,0,11,649,0.03961181640625
35,35,2,1,0,12,440,0.02685546875
35,35,2,1,0,13,407,0.02484130859375
35,35,2,1,0,14,295,0.01800537109375
35,35,2,1,0,15,235,0.01434326171875
35,35,2,1,0,16,650,0.0396728515625
35,35,2,1,0,17,1267,0.07733154296875
35,35,3,1,1,0,140,0.008544921875
35,35,3,1,1,1,177,0.01080322265625
35,35,3,1,1,2,243,0.01483154296875
35,35,3,1,1,3,341,0.02081298828125
35,35,3,1,1,4,330,0.0201416015625
35,35,3,1,1,5,575,0.03509521484375
35,35,3,1,1,6,879,0.05364990234375
35,35,3,1,1,7,1915,0.11688232421875
35,35,3,1,1,8,4072,0.24853515625
35,35,3,1,1,9,2767,0.16888427734375
35,35,3,1,1,10,1090,0.0665283203125
35,35,3,1,1,11,839,0.05120849609375
35,35,3,1,1,12,461,0.02813720703125
35,35,3,1,1,13,344,0.02099609375
35,35,3,1,1,14,269,0.01641845703125
35,35,3,1,1,15,178,0.0108642578125
35,35,3,1,1,16,760,0.04638671875
35,35,3,1,1,17,1004,0.061279296875
36,36,0,0,0,0,95,0.00579833984375
36,36,0,0,0,1,169,0.01031494140625
36,36,0,0,0,2,279,0.01702880859375
36,36,0,0,0,3,367,0.02239990234375
36,36,0,0,0,4,350,0.0213623046875
36,36,0,0,0,5,589,0.03594970703125
36,36,0,0,0,6,983,0.05999755859375
36,36,0,0,0,7,2512,0.1533203125
36,36,0,0,0,8,3998,0.2440185546875
36,36,0,0,0,9,2011,0.12274169921875
36,36,0,0,0,10,752,0.0458984375
36,36,0,0,0,11,664,0.04052734375
36,36,0,0,0,12,319,0.01947021484375
36,36,0,0,0,13,309,0.01885986328125
36,36,0,0,0,14,309,0.01885986328125
36,36,0,0,0,15,343,0.02093505859375
36,36,0,0,0,16,864,0.052734375
36,36,0,0,0,17,1471,0.08978271484375
36,36,1,0,1,0,161,0.00982666015625
36,36,1,0,1,1,243,0.01483154296875
36,36,1,0,1,2,377,0.02301025390625
36,36,1,0,1,3,364,0.022216796875
36,36,1,0,1,4,364,0.022216796875
36,36,1,0,1,5,530,0.0323486328125
36,36,1,0,1,6,901,0.05499267578125
36,36,1,0,1,7,2347,0.14324951171875
36,36,1,0,1,8,4230,0.2581787109375
36,36,1,0,1,9,2381,0.14532470703125
36,36,1,0,1,10,729,0.04449462890625
36,36,1,0,1,11,517,0.03155517578125
36,36,1,0,1,12,322,0.0196533203125
36,36,1,0,1,13,309,0.01885986328125
36,36,1,0,1,14,293,0.01788330078125
36,36,1,0,1,15,285,0.01739501953125
36,36,1,0,1,16,583,0.03558349609375
36,36,1,0,1,17,1448,0.08837890625
36,36,2,1,0,0,140,0.008544921875
36,36,2,1,0,1,193,0.01177978515625
36,36,2,1,0,2,268,0.016357421875
36,36,2,1,0,3,415,0.02532958984375
36,36,2,1,0,4,458,0.0279541015625
36,36,2,1,0,5,623,0.03802490234375
36,36,2,1,0,6,896,0.0546875
36,36,2,1,0,7,2233,0.13629150390625
36,36,2,1,0,8,4169,0.25445556640625
36,36,2,1,0,9,2254,0.1375732421875
36,36,2,1,0,10,845,0.05157470703125
36,36,2,1,0,11,628,0.038330078125
36,36,2,1,0,12,393,0.02398681640625
36,36,2,1,0,13,396,0.024169921875
36,36,2,1,0,14,325,0.01983642578125
36,36,2,1,0,15,248,0.01513671875
36,36,2,1,0,16,624,0.0380859375
36,36,2,1,0,17,1276,0.077880859375
36,36,3,1,1,0,131,0.00799560546875
36,36,3,1,1,1,158,0.0096435546875
36,36,3,1,1,2,226,0.0137939453125
36,36,3,1,1,3,299,0.01824951171875
36,36,3,1,1,4,300,0.018310546875
36,36,3,1,1,5,539,0.03289794921875
36,36,3,1,1,6,954,0.0582275390625
36,36,3,1,1,7,2074,0.1265869140625
36,36,3,1,1,8,3847,0.23480224609375
36,36,3,1,1,9,2838,0.1732177734375
36,36,3,1,1,10,1116,0.068115234375
36,36,3,1,1,11,865,0.05279541015625
36,36,3,1,1,12,445,0.02716064453125
36,36,3,1,1,13,336,0.0205078125
36,36,3,1,1,14,248,0.01513671875
36,36,3,1,1,15,167,0.01019287109375
36,36,3,1,1,16,909,0.05548095703125
36,36,3,1,1,17,932,0.056884765625
37,37,0,0,0,0,114,0.0069580078125
37,37,0,0,0,1,206,0.0125732421875
37,37,0,0,0,2,229,0.01397705078125
37,37,0,0,0,3,346,0.0211181640625
37,37,0,0,0,4,341,0.02081298828125
37,37,0,0,0,5,608,0.037109375
37,37,0,0,0,6,1002,0.0611572265625
37,37,0,0,0,7,2521,0.15386962890625
37,37,0,0,0,8,4013,0.24493408203125
37,37,0,0,0,9,2040,0.12451171875
37,37,0,0,0,10,760,0.04638671875
37,37,0,0,0,11,621,0.03790283203125
37,37,0,0,0,12,287,0.01751708984375
37,37,0,0,0,13,300,0.018310546875
37,37,0,0,0,14,281,0.01715087890625
37,37,0,0,0,15,358,0.0218505859375
37,37,0,0,0,16,908,0.055419921875
37,37,0,0,0,17,1449,0.08843994140625
37,37,1,0,1,0,171,0.01043701171875
37,37,1,0,1,1,274,0.0167236328125
37,37,1,0,1,2,371,0.02264404296875
37,37,1,0,1,3,402,0.0245361328125
37,37,1,0,1,4,381,0.02325439453125
37,37,1,0,1,5,529,0.03228759765625
37,37,1,0,1,6,928,0.056640625
37,37,1,0,1,7,2288,0.1396484375
37,37,1,0,1,8,4150,0.2532958984375
37,37,1,0,1,9,2272,0.138671875
37,37,1,0,1,10,717,0.04376220703125
37,37,1,0,1,11,602,0.0367431640625
37,37,1,0,1,12,312,0.01904296875
37,37,1,0,1,13,305,0.01861572265625
37,37,1,0,1,14,326,0.0198974609375
37,37,1,0,1,15,292,0.017822265625
37,37,1,0,1,16,607,0.03704833984375
37,37,1,0,1,17,1457,0.08892822265625
37,37,2,1,0,0,165,0.01007080078125
37,37,2,1,0,1,191,0.01165771484375
37,37,2,1,0,2,286,0.0174560546875
37,37,2,1,0,3,426,0.0260009765625
37,37,2,1,0,4,430,0.0262451171875
37,37,2,1,0,5,610,0.0372314453125
37,37,2,1,0,6,894,0.0545654296875
37,37,2,1,0,7,2198,0.1341552734375
37,37,2,1,0,8,4027,0.24578857421875
37,37,2,1,0,9,2287,0.13958740234375
37,37,2,1,0,10,867,0.05291748046875
37,37,2,1,0,11,686,0.0418701171875
37,37,2,1,0,12,452,0.027587890625
37,37,2,1,0,13,414,0.0252685546875
37,37,2,1,0,14,339,0.02069091796875
37,37,2,1,0,15,245,0.01495361328125
37,37,2,1,0,16,589,0.03594970703125
37,37,2,1,0,17,1278,0.0780029296875
37,37,3,1,1,0,112,0.0068359375
37,37,3,1,1,1,168,0.01025390625
37,37,3,1,1,2,245,0.01495361328125
37,37,3,1,1,3,275,0.01678466796875
37,37,3,1,1,4,301,0.01837158203125
37,37,3,1,1,5,506,0.0308837890625
37,37,3,1,1,6,876,0.053466796875
37,37,3,1,1,7,2214,0.1351318359375
37,37,3,1,1,8,3840,0.234375
37,37,3,1,1,9,2773,0.16925048828125
37,37,3,1,1,10,1105,0.06744384765625
37,37,3,1,1,11,877,0.05352783203125
37,37,3,1,1,12,488,0.02978515625
37,37,3,1,1,13,391,0.02386474609375
37,37,3,1,1,14,288,0.017578125
37,37,3,1,1,15,162,0.0098876953125
37,37,3,1,1,16,884,0.053955078125
37,37,3,1,1,17,879,0.05364990234375
38,38,0,0,0,0,133,0.00811767578125
38,38,0,0,0,1,197,0.01202392578125
38,38,0,0,0,2,247,0.01507568359375
38,38,0,0,0,3,352,0.021484375
38,38,0,0,0,4,366,0.0223388671875
38,38,0,0,0,5,548,0.033447265625
38,38,0,0,0,6,930,0.0567626953125
38,38,0,0,0,7,2572,0.156982421875
38,38,0,0,0,8,3953,0.24127197265625
38,38,0,0,0,9,2046,0.1248779296875
38,38,0,0,0,10,720,0.0439453125
38,38,0,0,0,11,650,0.0396728515625
38,38,0,0,0,12,306,0.0186767578125
38,38,0,0,0,13,290,0.0177001953125
38,38,0,0,0,14,326,0.0198974609375
38,38,0,0,0,15,371,0.02264404296875
38,38,0,0,0,16,839,0.05120849609375
38,38,0,0,0,17,1538,0.0938720703125
38,38,1,0,1,0,188,0.011474609375
38,38,1,0,1,1,245,0.01495361328125
38,38,1,0,1,2,358,0.0218505859375
38,38,1,0,1,3,404,0.024658203125
38,38,1,0,1,4,411,0.02508544921875
38,38,1,0,1,5,552,0.03369140625
38,38,1,0,1,6,885,0.05401611328125
38,38,1,0,1,7,2351,0.14349365234375
38,38,1,0,1,8,4067,0.24822998046875
38,38,1,0,1,9,2295,0.14007568359375
38,38,1,0,1,10,754,0.0460205078125
38,38,1,0,1,11,556,0.033935546875
38,38,1,0,1,12,352,0.021484375
38,38,1,0,1,13,317,0.01934814453125
38,38,1,0,1,14,314,0.0191650390625
38,38,1,0,1,15,286,0.0174560546875
38,38,1,0,1,16,576,0.03515625
38,38,1,0,1,17,1473,0.08990478515625
38,38,2,1,0,0,191,0.01165771484375
38,38,2,1,0,1,206,0.0125732421875
38,38,2,1,0,2,261,0.01593017578125
38,38,2,1,0,3,449,0.02740478515625
38,38,2,1,0,4,417,0.02545166015625
38,38,2,1,0,5,652,0.039794921875
38,38,2,1,0,6,907,0.05535888671875
38,38,2,1,0,7,2116,0.129150390625
38,38,2,1,0,8,3843,0.23455810546875
38,38,2,1,0,9,2276,0.138916015625
38,38,2,1,0,10,923,0.05633544921875
38,38,2,1,0,11,758,0.0462646484375
38,38,2,1,0,12,430,0.0262451171875
38,38,2,1,0,13,387,0.02362060546875
38,38,2,1,0,14,342,0.0208740234375
38,38,2,1,0,15,237,0.01446533203125
38,38,2,1,0,16,649,0.03961181640625
38,38,2,1,0,17,1340,0.081787109375
38,38,3,1,1,0,118,0.0072021484375
38,38,3,1,1,1,160,0.009765625
38,38,3,1,1,2,244,0.014892578125
38,38,3,1,1,3,322,0.0196533203125
38,38,3,1,1,4,299,0.01824951171875
38,38,3,1,1,5,563,0.03436279296875
38,38,3,1,1,6,881,0.05377197265625
38,38,3,1,1,7,2151,0.13128662109375
38,38,3,1,1,8,3718,0.2269287109375
38,38,3,1,1,9,2736,0.1669921875
38,38,3,1,1,10,1090,0.0665283203125
38,38,3,1,1,11,929,0.05670166015625
38,38,3,1,1,12,466,0.0284423828125
38,38,3,1,1,13,383,0.02337646484375
38,38,3,1,1,14,258,0.0157470703125
38,38,3,1,1,15,147,0.00897216796875
38,38,3,1,1,16,928,0.056640625
38,38,3,1,1,17,991,0.06048583984375
39,39,0,0,0,0,126,0.0076904296875
39,39,0,0,0,1,223,0.01361083984375
39,39,0,0,0,2,255,0.01556396484375
39,39,0,0,0,3,347,0.02117919921875
39,39,0,0,0,4,333,0.02032470703125
39,39,0,0,0,5,528,0.0322265625
39,39,0,0,0,6,928,0.056640625
39,39,0,0,0,7,2481,0.15142822265625
39,39,0,0,0,8,4119,0.25140380859375
39,39,0,0,0,9,2001,0.12213134765625
39,39,0,0,0,10,679,0.04144287109375
39,39,0,0,0,11,620,0.037841796875
39,39,0,0,0,12,274,0.0167236328125
39,39,0,0,0,13,277,0.01690673828125
39,39,0,0,0,14,319,0.01947021484375
39,39,0,0,0,15,386,0.0235595703125
39,39,0,0,0,16,891,0.05438232421875
39,39,0,0,0,17,1597,0.09747314453125
39,39,1,0,1,0,180,0.010986328125
39,39,1,0,1,1,305,0.01861572265625
39,39,1,0,1,2,309,0.01885986328125
39,39,1,0,1,3,372,0.022705078125
39,39,1,0,1,4,405,0.02471923828125
39,39,1,0,1,5,602,0.0367431640625
39,39,1,0,1,6,863,0.05267333984375
39,39,1,0,1,7,2304,0.140625
39,39,1,0,1,8,4021,0.24542236328125
39,39,1,0,1,9,2293,0.13995361328125
39,39,1,0,1,10,768,0.046875
39,39,1,0,1,11,614,0.0374755859375
39,39,1,0,1,12,349,0.02130126953125
39,39,1,0,1,13,304,0.0185546875
39,39,1,0,1,14,304,0.0185546875
39,39,1,0,1,15,267,0.01629638671875
39,39,1,0,1,16,595,0.03631591796875
39,39,1,0,1,17,1529,0.09332275390625
39,39,2,1,0,0,185,0.01129150390625
39,39,2,1,0,1,146,0.0089111328125
39,39,2,1,0,2,277,0.01690673828125
39,39,2,1,0,3,399,0.02435302734375
39,39,2,1,0,4,484,0.029541015625
39,39,2,1,0,5,661,0.04034423828125
39,39,2,1,0,6,920,0.05615234375
39,39,2,1,0,7,2156,0.131591796875
39,39,2,1,0,8,3748,0.228759765625
39,39,2,1,0,9,2209,0.13482666015625
39,39,2,1,0,10,911,0.05560302734375
39,39,2,1,0,11,719,0.04388427734375
39,39,2,1,0,12,453,0.02764892578125
39,39,2,1,0,13,437,0.02667236328125
39,39,2,1,0,14,350,0.0213623046875
39,39,2,1,0,15,206,0.0125732421875
39,39,2,1,0,16,846,0.0516357421875
39,39,2,1,0,17,1277,0.07794189453125
39,39,3,1,1,0,111,0.00677490234375
39,39,3,1,1,1,135,0.00823974609375
39,39,3,1,1,2,261,0.01593017578125
39,39,3,1,1,3,350,0.0213623046875
39,39,3,1,1,4,309,0.01885986328125
39,39,3,1,1,5,530,0.0323486328125
39,39,3,1,1,6,885,0.05401611328125
39,39,3,1,1,7,2114,0.1290283203125
39,39,3,1,1,8,3821,0.23321533203125
39,39,3,1,1,9,2645,0.16143798828125
39,39,3,1,1,10,1012,0.061767578125
39,39,3,1,1,11,913,0.05572509765625
39,39,3,1,1,12,513,0.03131103515625
39,39,3,1,1,13,399,0.02435302734375
39,39,3,1,1,14,285,0.01739501953125
39,39,3,1,1,15,163,0.00994873046875
39,39,3,1,1,16,886,0.0540771484375
39,39,3,1,1,17,1052,0.064208984375
40,40,0,0,0,0,111,0.00677490234375
40,40,0,0,0,1,263,0.01605224609375
40,40,0,0,0,2,263,0.01605224609375
40,40,0,0,0,3,340,0.020751953125
40,40,0,0,0,4,333,0.02032470703125
40,40,0,0,0,5,516,0.031494140625
40,40,0,0,0,6,895,0.05462646484375
40,40,0,0,0,7,2429,0.14825439453125
40,40,0,0,0,8,4138,0.2525634765625
40,40,0,0,0,9,1924,0.117431640625
40,40,0,0,0,10,718,0.0438232421875
40,40,0,0,0,11,614,0.0374755859375
40,40,0,0,0,12,282,0.0172119140625
40,40,0,0,0,13,297,0.01812744140625
40,40,0,0,0,14,316,0.019287109375
40,40,0,0,0,15,404,0.024658203125
40,40,0,0,0,16,907,0.05535888671875
40,40,0,0,0,17,1634,0.0997314453125
40,40,1,0,1,0,214,0.0130615234375
40,40,1,0,1,1,279,0.01702880859375
40,40,1,0,1,2,325,0.01983642578125
40,40,1,0,1,3,358,0.0218505859375
40,40,1,0,1,4,402,0.0245361328125
40,40,1,0,1,5,552,0.03369140625
40,40,1,0,1,6,902,0.0550537109375
40,40,1,0,1,7,2359,0.14398193359375
40,40,1,0,1,8,3920,0.2392578125
40,40,1,0,1,9,2344,0.14306640625
40,40,1,0,1,10,777,0.04742431640625
40,40,1,0,1,11,613,0.03741455078125
40,40,1,0,1,12,352,0.021484375
40,40,1,0,1,13,330,0.0201416015625
40,40,1,0,1,14,308,0.018798828125
40,40,1,0,1,15,248,0.01513671875
40,40,1,0,1,16,564,0.034423828125
40,40,1,0,1,17,1537,0.09381103515625
40,40,2,1,0,0,204,0.012451171875
40,40,2,1,0,1,176,0.0107421875
40,40,2,1,0,2,246,0.0150146484375
40,40,2,1,0,3,464,0.0283203125
40,40,2,1,0,4,431,0.02630615234375
40,40,2,1,0,5,679,0.04144287109375
40,40,2,1,0,6,949,0.05792236328125
40,40,2,1,0,7,2104,0.12841796875
40,40,2,1,0,8,3620,0.220947265625
40,40,2,1,0,9,2289,0.13970947265625
40,40,2,1,0,10,974,0.0594482421875
40,40,2,1,0,11,726,0.0443115234375
40,40,2,1,0,12,441,0.02691650390625
40,40,2,1,0,13,432,0.0263671875
40,40,2,1,0,14,356,0.021728515625
40,40,2,1,0,15,239,0.01458740234375
40,40,2,1,0,16,781,0.04766845703125
40,40,2,1,0,17,1273,0.07769775390625
40,40,3,1,1,0,113,0.00689697265625
40,40,3,1,1,1,184,0.01123046875
40,40,3,1,1,2,206,0.0125732421875
40,40,3,1,1,3,299,0.01824951171875
40,40,3,1,1,4,308,0.018798828125
40,40,3,1,1,5,579,0.03533935546875
40,40,3,1,1,6,979,0.05975341796875
40,40,3,1,1,7,2133,0.13018798828125
40,40,3,1,1,8,3663,0.22357177734375
40,40,3,1,1,9,2625,0.16021728515625
40,40,3,1,1,10,996,0.060791015625
40,40,3,1,1,11,927,0.05657958984375
40,40,3,1,1,12,498,0.0303955078125
40,40,3,1,1,13,392,0.02392578125
40,40,3,1,1,14,276,0.016845703125
40,40,3,1,1,15,182,0.0111083984375
40,40,3,1,1,16,947,0.05780029296875
40,40,3,1,1,17,1077,0.06573486328125
41,41,0,0,0,0,118,0.0072021484375
41,41,0,0,0,1,242,0.0147705078125
41,41,0,0,0,2,289,0.01763916015625
41,41,0,0,0,3,385,0.02349853515625
41,41,0,0,0,4,318,0.0194091796875
41,41,0,0,0,5,565,0.03448486328125
41,41,0,0,0,6,969,0.05914306640625
41,41,0,0,0,7,2343,0.14300537109375
41,41,0,0,0,8,4141,0.25274658203125
41,41,0,0,0,9,1856,0.11328125
41,41,0,0,0,10,702,0.0428466796875
41,41,0,0,0,11,604,0.036865234375
41,41,0,0,0,12,281,0.01715087890625
41,41,0,0,0,13,289,0.01763916015625
41,41,0,0,0,14,336,0.0205078125
41,41,0,0,0,15,396,0.024169921875
41,41,0,0,0,16,970,0.0592041015625
41,41,0,0,0,17,1580,0.096435546875
41,41,1,0,1,0,209,0.01275634765625
41,41,1,0,1,1,249,0.01519775390625
41,41,1,0,1,2,331,0.02020263671875
41,41,1,0,1,3,395,0.02410888671875
41,41,1,0,1,4,418,0.0255126953125
41,41,1,0,1,5,574,0.0350341796875
41,41,1,0,1,6,891,0.05438232421875
41,41,1,0,1,7,2390,0.1458740234375
41,41,1,0,1,8,3795,0.23162841796875
41,41,1,0,1,9,2291,0.13983154296875
41,41,1,0,1,10,789,0.04815673828125
41,41,1,0,1,11,617,0.03765869140625
41,41,1,0,1,12,377,0.02301025390625
41,41,1,0,1,13,353,0.02154541015625
41,41,1,0,1,14,328,0.02001953125
41,41,1,0,1,15,263,0.01605224609375
41,41,1,0,1,16,538,0.0328369140625
41,41,1,0,1,17,1576,0.09619140625
41,41,2,1,0,0,209,0.01275634765625
41,41,2,1,0,1,163,0.00994873046875
41,41,2,1,0,2,254,0.0155029296875
41,41,2,1,0,3,413,0.02520751953125
41,41,2,1,0,4,445,0.02716064453125
41,41,2,1,0,5,706,0.0430908203125
41,41,2,1,0,6,1020,0.062255859375
41,41,2,1,0,7,2112,0.12890625
41,41,2,1,0,8,3448,0.21044921875
41,41,2,1,0,9,2274,0.1387939453125
41,41,2,1,0,10,977,0.05963134765625
41,41,2,1,0,11,807,0.04925537109375
41,41,2,1,0,12,464,0.0283203125
41,41,2,1,0,13,422,0.0257568359375
41,41,2,1,0,14,365,0.02227783203125
41,41,2,1,0,15,217,0.01324462890625
41,41,2,1,0,16,827,0.05047607421875
41,41,2,1,0,17,1261,0.07696533203125
41,41,3,1,1,0,121,0.00738525390625
41,41,3,1,1,1,135,0.00823974609375
41,41,3,1,1,2,225,0.01373291015625
41,41,3,1,1,3,275,0.01678466796875
41,41,3,1,1,4,313,0.01910400390625
41,41,3,1,1,5,586,0.0357666015625
41,41,3,1,1,6,981,0.05987548828125
41,41,3,1,1,7,2272,0.138671875
41,41,3,1,1,8,3705,0.22613525390625
41,41,3,1,1,9,2569,0.15679931640625
41,41,3,1,1,10,1089,0.06646728515625
41,41,3,1,1,11,933,0.05694580078125
41,41,3,1,1,12,545,0.03326416015625
41,41,3,1,1,13,347,0.02117919921875
41,41,3,1,1,14,255,0.01556396484375
41,41,3,1,1,15,165,0.01007080078125
41,41,3,1,1,16,844,0.051513671875
41,41,3,1,1,17,1024,0.0625
42,42,0,0,0,0,127,0.00775146484375
42,42,0,0,0,1,233,0.01422119140625
42,42,0,0,0,2,268,0.016357421875
42,42,0,0,0,3,355,0.02166748046875
42,42,0,0,0,4,349,0.02130126953125
42,42,0,0,0,5,559,0.03411865234375
42,42,0,0,0,6,929,0.05670166015625
42,42,0,0,0,7,2423,0.14788818359375
42,42,0,0,0,8,4165,0.25421142578125
42,42,0,0,0,9,1931,0.11785888671875
42,42,0,0,0,10,678,0.0413818359375
42,42,0,0,0,11,596,0.036376953125
42,42,0,0,0,12,267,0.01629638671875
42,42,0,0,0,13,280,0.01708984375
42,42,0,0,0,14,310,0.0189208984375
42,42,0,0,0,15,386,0.0235595703125
42,42,0,0,0,16,941,0.05743408203125
42,42,0,0,0,17,1587,0.09686279296875
42,42,1,0,1,0,184,0.01123046875
42,42,1,0,1,1,242,0.0147705078125
42,42,1,0,1,2,362,0.0220947265625
42,42,1,0,1,3,420,0.025634765625
42,42,1,0,1,4,382,0.0233154296875
42,42,1,0,1,5,552,0.03369140625
42,42,1,0,1,6,878,0.0535888671875
42,42,1,0,1,7,2313,0.14117431640625
42,42,1,0,1,8,3922,0.2393798828125
42,42,1,0,1,9,2233,0.13629150390625
42,42,1,0,1,10,819,0.04998779296875
42,42,1,0,1,11,601,0.03668212890625
42,42,1,0,1,12,388,0.023681640625
42,42,1,0,1,13,347,0.02117919921875
42,42,1,0,1,14,330,0.0201416015625
42,42,1,0,1,15,270,0.0164794921875
42,42,1,0,1,16,555,0.03387451171875
42,42,1,0,1,17,1586,0.0968017578125
42,42,2,1,0,0,214,0.0130615234375
42,42,2,1,0,1,180,0.010986328125
42,42,2,1,0,2,259,0.01580810546875
42,42,2,1,0,3,419,0.02557373046875
42,42,2,1,0,4,429,0.02618408203125
42,42,2,1,0,5,685,0.04180908203125
42,42,2,1,0,6,947,0.05780029296875
42,42,2,1,0,7,2108,0.128662109375
42,42,2,1,0,8,3400,0.20751953125
42,42,2,1,0,9,2272,0.138671875
42,42,2,1,0,10,984,0.06005859375
42,42,2,1,0,11,810,0.0494384765625
42,42,2,1,0,12,519,0.03167724609375
42,42,2,1,0,13,458,0.0279541015625
42,42,2,1,0,14,350,0.0213623046875
42,42,2,1,0,15,232,0.01416015625
42,42,2,1,0,16,886,0.0540771484375
42,42,2,1,0,17,1232,0.0751953125
42,42,3,1,1,0,98,0.0059814453125
42,42,3,1,1,1,117,0.00714111328125
42,42,3,1,1,2,237,0.01446533203125
42,42,3,1,1,3,258,0.0157470703125
42,42,3,1,1,4,313,0.01910400390625
42,42,3,1,1,5,585,0.03570556640625
42,42,3,1,1,6,1004,0.061279296875
42,42,3,1,1,7,2408,0.14697265625
42,42,3,1,1,8,3585,0.21881103515625
42,42,3,1,1,9,2634,0.1607666015625
42,42,3,1,1,10,1124,0.068603515625
42,42,3,1,1,11,948,0.057861328125
42,42,3,1,1,12,515,0.03143310546875
42,42,3,1,1,13,360,0.02197265625
42,42,3,1,1,14,276,0.016845703125
42,42,3,1,1,15,173,0.01055908203125
42,42,3,1,1,16,766,0.0467529296875
42,42,3,1,1,17,983,0.05999755859375
43,43,0,0,0,0,60,0.003662109375
43,43,0,0,0,1,38,0.0023193359375
43,43,0,0,0,2,235,0.01434326171875
43,43,0,0,0,3,252,0.015380859375
43,43,0,0,0,4,219,0.01336669921875
43,43,0,0,0,5,1279,0.07806396484375
43,43,0,0,0,6,1458,0.0889892578125
43,43,0,0,0,7,1848,0.11279296875
43,43,0,0,0,8,2255,0.13763427734375
43,43,0,0,0,9,2628,0.160400390625
43,43,0,0,0,10,1298,0.0792236328125
43,43,0,0,0,11,1660,0.101318359375
43,43,0,0,0,12,964,0.058837890625
43,43,0,0,0,13,466,0.0284423828125
43,43,0,0,0,14,226,0.0137939453125
43,43,0,0,0,15,65,0.00396728515625
43,43,0,0,0,16,846,0.0516357421875
43,43,0,0,0,17,587,0.03582763671875
43,43,1,0,1,0,12,0.000732421875
43,43,1,0,1,1,1,6.103515625e-05
43,43,1,0,1,2,107,0.00653076171875
43,43,1,0,1,3,197,0.01202392578125
43,43,1,0,1,4,102,0.0062255859375
43,43,1,0,1,5,839,0.05120849609375
43,43,1,0,1,6,1264,0.0771484375
43,43,1,0,1,7,1746,0.1065673828125
43,43,1,0,1,8,1826,0.1114501953125
43,43,1,0,1,9,3081,0.18804931640625
43,43,1,0,1,10,1146,0.0699462890625
43,43,1,0,1,11,1859,0.11346435546875
43,43,1,0,1,12,983,0.05999755859375
43,43,1,0,1,13,438,0.0267333984375
43,43,1,0,1,14,335,0.02044677734375
43,43,1,0,1,15,116,0.007080078125
43,43,1,0,1,16,1900,0.115966796875
43,43,1,0,1,17,432,0.0263671875
43,43,2,1,0,0,25,0.00152587890625
43,43,2,1,0,1,4,0.000244140625
43,43,2,1,0,2,218,0.0133056640625
43,43,2,1,0,3,184,0.01123046875
43,43,2,1,0,4,133,0.00811767578125
43,43,2,1,0,5,1091,0.06658935546875
43,43,2,1,0,6,1379,0.08416748046875
43,43,2,1,0,7,1577,0.09625244140625
43,43,2,1,0,8,1983,0.12103271484375
43,43,2,1,0,9,2911,0.17767333984375
43,43,2,1,0,10,1097,0.06695556640625
43,43,2,1,0,11,1867,0.11395263671875
43,43,2,1,0,12,1057,0.06451416015625
43,43,2,1,0,13,493,0.03009033203125
43,43,2,1,0,14,251,0.01531982421875
43,43,2,1,0,15,89,0.00543212890625
43,43,2,1,0,16,1399,0.08538818359375
43,43,2,1,0,17,626,0.0382080078125
43,43,3,1,1,0,6,0.0003662109375
43,43,3,1,1,1,23,0.00140380859375
43,43,3,1,1,2,114,0.0069580078125
43,43,3,1,1,3,123,0.00750732421875
43,43,3,1,1,4,124,0.007568359375
43,43,3,1,1,5,1028,0.062744140625
43,43,3,1,1,6,1321,0.08062744140625
43,43,3,1,1,7,1577,0.09625244140625
43,43,3,1,1,8,1702,0.1038818359375
43,43,3,1,1,9,2923,0.17840576171875
43,43,3,1,1,10,894,0.0545654296875
43,43,3,1,1,11,2100,0.128173828125
43,43,3,1,1,12,1161,0.07086181640625
43,43,3,1,1,13,538,0.0328369140625
43,43,3,1,1,14,298,0.0181884765625
43,43,3,1,1,15,98,0.0059814453125
43,43,3,1,1,16,1905,0.11627197265625
43,43,3,1,1,17,449,0.02740478515625
44,44,0,0,0,0,125,0.00762939453125
44,44,0,0,0,1,243,0.01483154296875
44,44,0,0,0,2,270,0.0164794921875
44,44,0,0,0,3,346,0.0211181640625
44,44,0,0,0,4,357,0.02178955078125
44,44,0,0,0,5,568,0.03466796875
44,44,0,0,0,6,935,0.05706787109375
44,44,0,0,0,7,2303,0.14056396484375
44,44,0,0,0,8,4224,0.2578125
44,44,0,0,0,9,1983,0.12103271484375
44,44,0,0,0,10,676,0.041259765625
44,44,0,0,0,11,604,0.036865234375
44,44,0,0,0,12,294,0.0179443359375
44,44,0,0,0,13,285,0.01739501953125
44,44,0,0,0,14,324,0.019775390625
44,44,0,0,0,15,367,0.02239990234375
44,44,0,0,0,16,921,0.05621337890625
44,44,0,0,0,17,1559,0.09515380859375
44,44,1,0,1,0,193,0.01177978515625
44,44,1,0,1,1,270,0.0164794921875
44,44,1,0,1,2,343,0.02093505859375
44,44,1,0,1,3,388,0.023681640625
44,44,1,0,1,4,359,0.02191162109375
44,44,1,0,1,5,526,0.0321044921875
44,44,1,0,1,6,949,0.05792236328125
44,44,1,0,1,7,2397,0.14630126953125
44,44,1,0,1,8,3940,0.240478515625
44,44,1,0,1,9,2193,0.13385009765625
44,44,1,0,1,10,778,0.0474853515625
44,44,1,0,1,11,580,0.035400390625
44,44,1,0,1,12,360,0.02197265625
44,44,1,0,1,13,335,0.02044677734375
44,44,1,0,1,14,344,0.02099609375
44,44,1,0,1,15,293,0.01788330078125
44,44,1,0,1,16,586,0.0357666015625
44,44,1,0,1,17,1550,0.0946044921875
44,44,2,1,0,0,188,0.011474609375
44,44,2,1,0,1,184,0.01123046875
44,44,2,1,0,2,237,0.01446533203125
44,44,2,1,0,3,413,0.02520751953125
44,44,2,1,0,4,434,0.0264892578125
44,44,2,1,0,5,626,0.0382080078125
44,44,2,1,0,6,1008,0.0615234375
44,44,2,1,0,7,2191,0.13372802734375
44,44,2,1,0,8,3274,0.1998291015625
44,44,2,1,0,9,2234,0.1363525390625
44,44,2,1,0,10,973,0.05938720703125
44,44,2,1,0,11,812,0.049560546875
44,44,2,1,0,12,500,0.030517578125
44,44,2,1,0,13,442,0.0269775390625
44,44,2,1,0,14,371,0.02264404296875
44,44,2,1,0,15,226,0.0137939453125
44,44,2,1,0,16,960,0.05859375
44,44,2,1,0,17,1311,0.08001708984375
44,44,3,1,1,0,125,0.00762939453125
44,44,3,1,1,1,135,0.00823974609375
44,44,3,1,1,2,210,0.0128173828125
44,44,3,1,1,3,346,0.0211181640625
44,44,3,1,1,4,347,0.02117919921875
44,44,3,1,1,5,600,0.03662109375
44,44,3,1,1,6,898,0.0548095703125
44,44,3,1,1,7,2262,0.1380615234375
44,44,3,1,1,8,3623,0.22113037109375
44,44,3,1,1,9,2558,0.1561279296875
44,44,3,1,1,10,1098,0.0670166015625
44,44,3,1,1,11,992,0.060546875
44,44,3,1,1,12,505,0.03082275390625
44,44,3,1,1,13,364,0.022216796875
44,44,3,1,1,14,314,0.0191650390625
44,44,3,1,1,15,174,0.0106201171875
44,44,3,1,1,16,809,0.04937744140625
44,44,3,1,1,17,1024,0.0625
45,45,0,0,0,0,126,0.0076904296875
45,45,0,0,0,1,220,0.013427734375
45,45,0,0,0,2,300,0.018310546875
45,45,0,0,0,3,394,0.0240478515625
45,45,0,0,0,4,363,0.02215576171875
45,45,0,0,0,5,584,0.03564453125
45,45,0,0,0,6,877,0.05352783203125
45,45,0,0,0,7,2305,0.14068603515625
45,45,0,0,0,8,4178,0.2550048828125
45,45,0,0,0,9,1965,0.11993408203125
45,45,0,0,0,10,695,0.04241943359375
45,45,0,0,0,11,590,0.0360107421875
45,45,0,0,0,12,306,0.0186767578125
45,45,0,0,0,13,320,0.01953125
45,45,0,0,0,14,346,0.0211181640625
45,45,0,0,0,15,393,0.02398681640625
45,45,0,0,0,16,866,0.0528564453125
45,45,0,0,0,17,1556,0.094970703125
45,45,1,0,1,0,183,0.01116943359375
45,45,1,0,1,1,263,0.01605224609375
45,45,1,0,1,2,304,0.0185546875
45,45,1,0,1,3,368,0.0224609375
45,45,1,0,1,4,386,0.0235595703125
45,45,1,0,1,5,568,0.03466796875
45,45,1,0,1,6,931,0.05682373046875
45,45,1,0,1,7,2387,0.14569091796875
45,45,1,0,1,8,3961,0.24176025390625
45,45,1,0,1,9,2228,0.135986328125
45,45,1,0,1,10,779,0.04754638671875
45,45,1,0,1,11,565,0.03448486328125
45,45,1,0,1,12,399,0.02435302734375
45,45,1,0,1,13,331,0.02020263671875
45,45,1,0,1,14,325,0.01983642578125
45,45,1,0,1,15,281,0.01715087890625
45,45,1,0,1,16,588,0.035888671875
45,45,1,0,1,17,1537,0.09381103515625
45,45,2,1,0,0,220,0.013427734375
45,45,2,1,0,1,160,0.009765625
45,45,2,1,0,2,248,0.01513671875
45,45,2,1,0,3,409,0.02496337890625
45,45,2,1,0,4,410,0.0250244140625
45,45,2,1,0,5,677,0.04132080078125
45,45,2,1,0,6,978,0.0596923828125
45,45,2,1,0,7,2084,0.127197265625
45,45,2,1,0,8,3365,0.20538330078125
45,45,2,1,0,9,2241,0.13677978515625
45,45,2,1,0,10,905,0.05523681640625
45,45,2,1,0,11,833,0.05084228515625
45,45,2,1,0,12,487,0.02972412109375
45,45,2,1,0,13,443,0.02703857421875
45,45,2,1,0,14,360,0.02197265625
45,45,2,1,0,15,228,0.013916015625
45,45,2,1,0,16,959,0.05853271484375
45,45,2,1,0,17,1377,0.08404541015625
45,45,3,1,1,0,123,0.00750732421875
45,45,3,1,1,1,161,0.00982666015625
45,45,3,1,1,2,239,0.01458740234375
45,45,3,1,1,3,327,0.01995849609375
45,45,3,1,1,4,313,0.01910400390625
45,45,3,1,1,5,510,0.0311279296875
45,45,3,1,1,6,965,0.05889892578125
45,45,3,1,1,7,2208,0.134765625
45,45,3,1,1,8,3393,0.20709228515625
45,45,3,1,1,9,2638,0.1610107421875
45,45,3,1,1,10,1099,0.06707763671875
45,45,3,1,1,11,967,0.05902099609375
45,45,3,1,1,12,525,0.03204345703125
45,45,3,1,1,13,383,0.02337646484375
45,45,3,1,1,14,262,0.0159912109375
45,45,3,1,1,15,176,0.0107421875
45,45,3,1,1,16,983,0.05999755859375
45,45,3,1,1,17,1112,0.06787109375
46,46,0,0,0,0,130,0.0079345703125
46,46,0,0,0,1,259,0.01580810546875
46,46,0,0,0,2,290,0.0177001953125
46,46,0,0,0,3,359,0.02191162109375
46,46,0,0,0,4,352,0.021484375
46,46,0,0,0,5,570,0.0347900390625
46,46,0,0,0,6,909,0.05548095703125
46,46,0,0,0,7,2309,0.14093017578125
46,46,0,0,0,8,4183,0.25531005859375
46,46,0,0,0,9,1949,0.11895751953125
46,46,0,0,0,10,640,0.0390625
46,46,0,0,0,11,628,0.038330078125
46,46,0,0,0,12,274,0.0167236328125
46,46,0,0,0,13,294,0.0179443359375
46,46,0,0,0,14,310,0.0189208984375
46,46,0,0,0,15,416,0.025390625
46,46,0,0,0,16,892,0.054443359375
46,46,0,0,0,17,1620,0.098876953125
46,46,1,0,1,0,194,0.0118408203125
46,46,1,0,1,1,258,0.0157470703125
46,46,1,0,1,2,283,0.01727294921875
46,46,1,0,1,3,403,0.02459716796875
46,46,1,0,1,4,330,0.0201416015625
46,46,1,0,1,5,549,0.03350830078125
46,46,1,0,1,6,882,0.0538330078125
46,46,1,0,1,7,2482,0.1514892578125
46,46,1,0,1,8,3935,0.24017333984375
46,46,1,0,1,9,2288,0.1396484375
46,46,1,0,1,10,748,0.045654296875
46,46,1,0,1,11,552,0.03369140625
46,46,1,0,1,12,396,0.024169921875
46,46,1,0,1,13,340,0.020751953125
46,46,1,0,1,14,304,0.0185546875
46,46,1,0,1,15,277,0.01690673828125
46,46,1,0,1,16,658,0.0401611328125
46,46,1,0,1,17,1505,0.09185791015625
46,46,2,1,0,0,182,0.0111083984375
46,46,2,1,0,1,199,0.01214599609375
46,46,2,1,0,2,230,0.0140380859375
46,46,2,1,0,3,391,0.02386474609375
46,46,2,1,0,4,441,0.02691650390625
46,46,2,1,0,5,672,0.041015625
46,46,2,1,0,6,985,0.06011962890625
46,46,2,1,0,7,2136,0.13037109375
46,46,2,1,0,8,3461,0.21124267578125
46,46,2,1,0,9,2181,0.13311767578125
46,46,2,1,0,10,938,0.0572509765625
46,46,2,1,0,11,796,0.048583984375
46,46,2,1,0,12,455,0.02777099609375
46,46,2,1,0,13,457,0.02789306640625
46,46,2,1,0,14,378,0.0230712890625
46,46,2,1,0,15,230,0.0140380859375
46,46,2,1,0,16,963,0.05877685546875
46,46,2,1,0,17,1289,0.07867431640625
46,46,3,1,1,0,127,0.00775146484375
46,46,3,1,1,1,133,0.00811767578125
46,46,3,1,1,2,253,0.01544189453125
46,46,3,1,1,3,319,0.01947021484375
46,46,3,1,1,4,294,0.0179443359375
46,46,3,1,1,5,546,0.0333251953125
46,46,3,1,1,6,944,0.0576171875
46,46,3,1,1,7,2320,0.1416015625
46,46,3,1,1,8,3570,0.2178955078125
46,46,3,1,1,9,2502,0.1527099609375
46,46,3,1,1,10,1137,0.06939697265625
46,46,3,1,1,11,965,0.05889892578125
46,46,3,1,1,12,504,0.03076171875
46,46,3,1,1,13,401,0.02447509765625
46,46,3,1,1,14,261,0.01593017578125
46,46,3,1,1,15,180,0.010986328125
46,46,3,1,1,16,850,0.0518798828125
46,46,3,1,1,17,1078,0.0657958984375
47,47,0,0,0,0,134,0.0081787109375
47,47,0,0,0,1,249,0.01519775390625
47,47,0,0,0,2,292,0.017822265625
47,47,0,0,0,3,354,0.0216064453125
47,47,0,0,0,4,341,0.02081298828125
47,47,0,0,0,5,560,0.0341796875
47,47,0,0,0,6,919,0.05609130859375
47,47,0,0,0,7,2283,0.13934326171875
47,47,0,0,0,8,4257,0.25982666015625
47,47,0,0,0,9,1945,0.11871337890625
47,47,0,0,0,10,704,0.04296875
47,47,0,0,0,11,582,0.0355224609375
47,47,0,0,0,12,298,0.0181884765625
47,47,0,0,0,13,300,0.018310546875
47,47,0,0,0,14,330,0.0201416015625
47,47,0,0,0,15,396,0.024169921875
47,47,0,0,0,16,847,0.05169677734375
47,47,0,0,0,17,1593,0.09722900390625
47,47,1,0,1,0,174,0.0106201171875
47,47,1,0,1,1,237,0.01446533203125
47,47,1,0,1,2,309,0.01885986328125
47,47,1,0,1,3,387,0.02362060546875
47,47,1,0,1,4,317,0.01934814453125
47,47,1,0,1,5,545,0.03326416015625
47,47,1,0,1,6,892,0.054443359375
47,47,1,0,1,7,2529,0.15435791015625
47,47,1,0,1,8,3819,0.23309326171875
47,47,1,0,1,9,2313,0.14117431640625
47,47,1,0,1,10,784,0.0478515625
47,47,1,0,1,11,573,0.03497314453125
47,47,1,0,1,12,375,0.02288818359375
47,47,1,0,1,13,334,0.0203857421875
47,47,1,0,1,14,318,0.0194091796875
47,47,1,0,1,15,268,0.016357421875
47,47,1,0,1,16,674,0.0411376953125
47,47,1,0,1,17,1536,0.09375
47,47,2,1,0,0,191,0.01165771484375
47,47,2,1,0,1,161,0.00982666015625
47,47,2,1,0,2,236,0.014404296875
47,47,2,1,0,3,425,0.02593994140625
47,47,2,1,0,4,401,0.02447509765625
47,47,2,1,0,5,610,0.0372314453125
47,47,2,1,0,6,984,0.06005859375
47,47,2,1,0,7,2163,0.13201904296875
47,47,2,1,0,8,3441,0.21002197265625
47,47,2,1,0,9,2233,0.13629150390625
47,47,2,1,0,10,943,0.05755615234375
47,47,2,1,0,11,830,0.0506591796875
47,47,2,1,0,12,468,0.028564453125
47,47,2,1,0,13,398,0.0242919921875
47,47,2,1,0,14,367,0.02239990234375
47,47,2,1,0,15,247,0.01507568359375
47,47,2,1,0,16,956,0.058349609375
47,47,2,1,0,17,1330,0.0811767578125
47,47,3,1,1,0,121,0.00738525390625
47,47,3,1,1,1,177,0.01080322265625
47,47,3,1,1,2,237,0.01446533203125
47,47,3,1,1,3,303,0.01849365234375
47,47,3,1,1,4,313,0.01910400390625
47,47,3,1,1,5,564,0.034423828125
47,47,3,1,1,6,979,0.05975341796875
47,47,3,1,1,7,2292,0.139892578125
47,47,3,1,1,8,3541,0.21612548828125
47,47,3,1,1,9,2515,0.15350341796875
47,47,3,1,1,10,1127,0.06878662109375
47,47,3,1,1,11,972,0.059326171875
47,47,3,1,1,12,534,0.0325927734375
47,47,3,1,1,13,419,0.02557373046875
47,47,3,1,1,14,275,0.01678466796875
47,47,3,1,1,15,203,0.01239013671875
47,47,3,1,1,16,788,0.048095703125
47,47,3,1,1,17,1024,0.0625
48,48,0,0,0,0,137,0.00836181640625
48,48,0,0,0,1,262,0.0159912109375
48,48,0,0,0,2,267,0.01629638671875
48,48,0,0,0,3,356,0.021728515625
48,48,0,0,0,4,344,0.02099609375
48,48,0,0,0,5,566,0.0345458984375
48,48,0,0,0,6,864,0.052734375
48,48,0,0,0,7,2360,0.14404296875
48,48,0,0,0,8,4287,0.26165771484375
48,48,0,0,0,9,1965,0.11993408203125
48,48,0,0,0,10,725,0.04425048828125
48,48,0,0,0,11,618,0.0377197265625
48,48,0,0,0,12,315,0.01922607421875
48,48,0,0,0,13,275,0.01678466796875
48,48,0,0,0,14,315,0.01922607421875
48,48,0,0,0,15,381,0.02325439453125
48,48,0,0,0,16,835,0.05096435546875
48,48,0,0,0,17,1512,0.09228515625
48,48,1,0,1,0,170,0.0103759765625
48,48,1,0,1,1,228,0.013916015625
48,48,1,0,1,2,279,0.01702880859375
48,48,1,0,1,3,391,0.02386474609375
48,48,1,0,1,4,358,0.0218505859375
48,48,1,0,1,5,598,0.0364990234375
48,48,1,0,1,6,922,0.0562744140625
48,48,1,0,1,7,2531,0.15447998046875
48,48,1,0,1,8,3901,0.23809814453125
48,48,1,0,1,9,2261,0.13800048828125
48,48,1,0,1,10,768,0.046875
48,48,1,0,1,11,594,0.0362548828125
48,48,1,0,1,12,384,0.0234375
48,48,1,0,1,13,346,0.0211181640625
48,48,1,0,1,14,335,0.02044677734375
48,48,1,0,1,15,241,0.01470947265625
48,48,1,0,1,16,637,0.03887939453125
48,48,1,0,1,17,1440,0.087890625
48,48,2,1,0,0,197,0.01202392578125
48,48,2,1,0,1,182,0.0111083984375
48,48,2,1,0,2,256,0.015625
48,48,2,1,0,3,398,0.0242919921875
48,48,2,1,0,4,358,0.0218505859375
48,48,2,1,0,5,573,0.03497314453125
48,48,2,1,0,6,988,0.060302734375
48,48,2,1,0,7,2158,0.1317138671875
48,48,2,1,0,8,3447,0.21038818359375
48,48,2,1,0,9,2278,0.1390380859375
48,48,2,1,0,10,930,0.0567626953125
48,48,2,1,0,11,828,0.050537109375
48,48,2,1,0,12,471,0.02874755859375
48,48,2,1,0,13,416,0.025390625
48,48,2,1,0,14,341,0.02081298828125
48,48,2,1,0,15,217,0.01324462890625
48,48,2,1,0,16,1026,0.0626220703125
48,48,2,1,0,17,1320,0.08056640625
48,48,3,1,1,0,108,0.006591796875
48,48,3,1,1,1,152,0.00927734375
48,48,3,1,1,2,235,0.01434326171875
48,48,3,1,1,3,326,0.0198974609375
48,48,3,1,1,4,328,0.02001953125
48,48,3,1,1,5,612,0.037353515625
48,48,3,1,1,6,952,0.05810546875
48,48,3,1,1,7,2231,0.13616943359375
48,48,3,1,1,8,3393,0.20709228515625
48,48,3,1,1,9,2557,0.15606689453125
48,48,3,1,1,10,1179,0.07196044921875
48,48,3,1,1,11,957,0.05841064453125
48,48,3,1,1,12,518,0.0316162109375
48,48,3,1,1,13,412,0.025146484375
48,48,3,1,1,14,298,0.0181884765625
48,48,3,1,1,15,186,0.0113525390625
48,48,3,1,1,16,848,0.0517578125
48,48,3,1,1,17,1092,0.066650390625
49,49,0,0,0,0,139,0.00848388671875
49,49,0,0,0,1,239,0.01458740234375
49,49,0,0,0,2,291,0.01776123046875
49,49,0,0,0,3,364,0.022216796875
49,49,0,0,0,4,368,0.0224609375
49,49,0,0,0,5,558,0.0340576171875
49,49,0,0,0,6,910,0.0555419921875
49,49,0,0,0,7,2282,0.1392822265625
49,49,0,0,0,8,4331,0.26434326171875
49,49,0,0,0,9,1927,0.11761474609375
49,49,0,0,0,10,713,0.04351806640625
49,49,0,0,0,11,623,0.03802490234375
49,49,0,0,0,12,320,0.01953125
49,49,0,0,0,13,280,0.01708984375
49,49,0,0,0,14,312,0.01904296875
49,49,0,0,0,15,359,0.02191162109375
49,49,0,0,0,16,784,0.0478515625
49,49,0,0,0,17,1584,0.0966796875
49,49,1,0,1,0,171,0.01043701171875
49,49,1,0,1,1,221,0.01348876953125
49,49,1,0,1,2,283,0.01727294921875
49,49,1,0,1,3,365,0.02227783203125
49,49,1,0,1,4,412,0.025146484375
49,49,1,0,1,5,572,0.034912109375
49,49,1,0,1,6,992,0.060546875
49,49,1,0,1,7,2468,0.150634765625
49,49,1,0,1,8,3819,0.23309326171875
49,49,1,0,1,9,2303,0.14056396484375
49,49,1,0,1,10,775,0.04730224609375
49,49,1,0,1,11,685,0.04180908203125
49,49,1,0,1,12,370,0.0225830078125
49,49,1,0,1,13,354,0.0216064453125
49,49,1,0,1,14,317,0.01934814453125
49,49,1,0,1,15,267,0.01629638671875
49,49,1,0,1,16,599,0.03656005859375
49,49,1,0,1,17,1411,0.08612060546875
49,49,2,1,0,0,213,0.01300048828125
49,49,2,1,0,1,192,0.01171875
49,49,2,1,0,2,236,0.014404296875
49,49,2,1,0,3,367,0.02239990234375
49,49,2,1,0,4,361,0.02203369140625
49,49,2,1,0,5,600,0.03662109375
49,49,2,1,0,6,928,0.056640625
49,49,2,1,0,7,2147,0.13104248046875
49,49,2,1,0,8,3465,0.21148681640625
49,49,2,1,0,9,2299,0.14031982421875
49,49,2,1,0,10,981,0.05987548828125
49,49,2,1,0,11,810,0.0494384765625
49,49,2,1,0,12,464,0.0283203125
49,49,2,1,0,13,422,0.0257568359375
49,49,2,1,0,14,351,0.02142333984375
49,49,2,1,0,15,224,0.013671875
49,49,2,1,0,16,975,0.05950927734375
49,49,2,1,0,17,1349,0.08233642578125
49,49,3,1,1,0,150,0.0091552734375
49,49,3,1,1,1,181,0.01104736328125
49,49,3,1,1,2,227,0.01385498046875
49,49,3,1,1,3,316,0.019287109375
49,49,3,1,1,4,335,0.02044677734375
49,49,3,1,1,5,586,0.0357666015625
49,49,3,1,1,6,1012,0.061767578125
49,49,3,1,1,7,2147,0.13104248046875
49,49,3,1,1,8,3349,0.20440673828125
49,49,3,1,1,9,2589,0.15802001953125
49,49,3,1,1,10,1118,0.0682373046875
49,49,3,1,1,11,957,0.05841064453125
49,49,3,1,1,12,501,0.03057861328125
49,49,3,1,1,13,416,0.025390625
49,49,3,1,1,14,292,0.017822265625
49,49,3,1,1,15,214,0.0130615234375
49,49,3,1,1,16,823,0.05023193359375
49,49,3,1,1,17,1171,0.07147216796875
50,50,0,0,0,0,152,0.00927734375
50,50,0,0,0,1,251,0.01531982421875
50,50,0,0,0,2,309,0.01885986328125
50,50,0,0,0,3,329,0.02008056640625
50,50,0,0,0,4,325,0.01983642578125
50,50,0,0,0,5,566,0.0345458984375
50,50,0,0,0,6,920,0.05615234375
50,50,0,0,0,7,2254,0.1375732421875
50,50,0,0,0,8,4465,0.27252197265625
50,50,0,0,0,9,1893,0.11553955078125
50,50,0,0,0,10,680,0.04150390625
50,50,0,0,0,11,600,0.03662109375
50,50,0,0,0,12,307,0.01873779296875
50,50,0,0,0,13,286,0.0174560546875
50,50,0,0,0,14,315,0.01922607421875
50,50,0,0,0,15,369,0.02252197265625
50,50,0,0,0,16,800,0.048828125
50,50,0,0,0,17,1563,0.09539794921875
50,50,1,0,1,0,171,0.01043701171875
50,50,1,0,1,1,217,0.01324462890625
50,50,1,0,1,2,278,0.0169677734375
50,50,1,0,1,3,366,0.0223388671875
50,50,1,0,1,4,337,0.02056884765625
50,50,1,0,1,5,568,0.03466796875
50,50,1,0,1,6,1008,0.0615234375
50,50,1,0,1,7,2483,0.15155029296875
50,50,1,0,1,8,3803,0.23211669921875
50,50,1,0,1,9,2288,0.1396484375
50,50,1,0,1,10,841,0.05133056640625
50,50,1,0,1,11,629,0.03839111328125
50,50,1,0,1,12,419,0.02557373046875
50,50,1,0,1,13,335,0.02044677734375
50,50,1,0,1,14,314,0.0191650390625
50,50,1,0,1,15,253,0.01544189453125
50,50,1,0,1,16,580,0.035400390625
50,50,1,0,1,17,1494,0.0911865234375
50,50,2,1,0,0,187,0.01141357421875
50,50,2,1,0,1,194,0.0118408203125
50,50,2,1,0,2,243,0.01483154296875
50,50,2,1,0,3,371,0.02264404296875
50,50,2,1,0,4,375,0.02288818359375
50,50,2,1,0,5,584,0.03564453125
50,50,2,1,0,6,909,0.05548095703125
50,50,2,1,0,7,2125,0.12969970703125
50,50,2,1,0,8,3653,0.22296142578125
50,50,2,1,0,9,2264,0.13818359375
50,50,2,1,0,10,966,0.0589599609375
50,50,2,1,0,11,873,0.05328369140625
50,50,2,1,0,12,449,0.02740478515625
50,50,2,1,0,13,415,0.02532958984375
50,50,2,1,0,14,331,0.02020263671875
50,50,2,1,0,15,232,0.01416015625
50,50,2,1,0,16,972,0.059326171875
50,50,2,1,0,17,1241,0.07574462890625
50,50,3,1,1,0,142,0.0086669921875
50,50,3,1,1,1,153,0.00933837890625
50,50,3,1,1,2,234,0.0142822265625
50,50,3,1,1,3,331,0.02020263671875
50,50,3,1,1,4,321,0.01959228515625
50,50,3,1,1,5,574,0.0350341796875
50,50,3,1,1,6,950,0.0579833984375
50,50,3,1,1,7,2151,0.13128662109375
50,50,3,1,1,8,3431,0.20941162109375
50,50,3,1,1,9,2535,0.15472412109375
50,50,3,1,1,10,1143,0.06976318359375
50,50,3,1,1,11,960,0.05859375
50,50,3,1,1,12,538,0.0328369140625
50,50,3,1,1,13,420,0.025634765625
50,50,3,1,1,14,333,0.02032470703125
50,50,3,1,1,15,208,0.0126953125
50,50,3,1,1,16,800,0.048828125
50,50,3,1,1,17,1160,0.07080078125
51,51,0,0,0,0,128,0.0078125
51,51,0,0,0,1,258,0.0157470703125
51,51,0,0,0,2,290,0.0177001953125
51,51,0,0,0,3,334,0.0203857421875
51,51,0,0,0,4,331,0.02020263671875
51,51,0,0,0,5,544,0.033203125
51,51,0,0,0,6,929,0.05670166015625
51,51,0,0,0,7,2181,0.13311767578125
51,51,0,0,0,8,4559,0.27825927734375
51,51,0,0,0,9,1895,0.11566162109375
51,51,0,0,0,10,706,0.0430908203125
51,51,0,0,0,11,555,0.03387451171875
51,51,0,0,0,12,291,0.01776123046875
51,51,0,0,0,13,313,0.01910400390625
51,51,0,0,0,14,334,0.0203857421875
51,51,0,0,0,15,365,0.02227783203125
51,51,0,0,0,16,765,0.04669189453125
51,51,0,0,0,17,1606,0.0980224609375
51,51,1,0,1,0,160,0.009765625
51,51,1,0,1,1,233,0.01422119140625
51,51,1,0,1,2,268,0.016357421875
51,51,1,0,1,3,350,0.0213623046875
51,51,1,0,1,4,367,0.02239990234375
51,51,1,0,1,5,615,0.03753662109375
51,51,1,0,1,6,954,0.0582275390625
51,51,1,0,1,7,2440,0.14892578125
51,51,1,0,1,8,3784,0.23095703125
51,51,1,0,1,9,2241,0.13677978515625
51,51,1,0,1,10,791,0.04827880859375
51,51,1,0,1,11,658,0.0401611328125
51,51,1,0,1,12,409,0.02496337890625
51,51,1,0,1,13,356,0.021728515625
51,51,1,0,1,14,342,0.0208740234375
51,51,1,0,1,15,241,0.01470947265625
51,51,1,0,1,16,639,0.03900146484375
51,51,1,0,1,17,1536,0.09375
51,51,2,1,0,0,182,0.0111083984375
51,51,2,1,0,1,201,0.01226806640625
51,51,2,1,0,2,264,0.01611328125
51,51,2,1,0,3,372,0.022705078125
51,51,2,1,0,4,391,0.02386474609375
51,51,2,1,0,5,533,0.03253173828125
51,51,2,1,0,6,875,0.05340576171875
51,51,2,1,0,7,2148,0.131103515625
51,51,2,1,0,8,3699,0.22576904296875
51,51,2,1,0,9,2347,0.14324951171875
51,51,2,1,0,10,955,0.05828857421875
51,51,2,1,0,11,841,0.05133056640625
51,51,2,1,0,12,477,0.02911376953125
51,51,2,1,0,13,401,0.02447509765625
51,51,2,1,0,14,298,0.0181884765625
51,51,2,1,0,15,237,0.01446533203125
51,51,2,1,0,16,882,0.0538330078125
51,51,2,1,0,17,1281,0.07818603515625
51,51,3,1,1,0,140,0.008544921875
51,51,3,1,1,1,177,0.01080322265625
51,51,3,1,1,2,251,0.01531982421875
51,51,3,1,1,3,303,0.01849365234375
51,51,3,1,1,4,325,0.01983642578125
51,51,3,1,1,5,567,0.03460693359375
51,51,3,1,1,6,967,0.05902099609375
51,51,3,1,1,7,2236,0.136474609375
51,51,3,1,1,8,3341,0.20391845703125
51,51,3,1,1,9,2474,0.1510009765625
51,51,3,1,1,10,1160,0.07080078125
51,51,3,1,1,11,978,0.0596923828125
51,51,3,1,1,12,526,0.0321044921875
51,51,3,1,1,13,395,0.02410888671875
51,51,3,1,1,14,325,0.01983642578125
51,51,3,1,1,15,203,0.01239013671875
51,51,3,1,1,16,833,0.05084228515625
51,51,3,1,1,17,1183,0.07220458984375
52,52,0,0,0,0,144,0.0087890625
52,52,0,0,0,1,269,0.01641845703125
52,52,0,0,0,2,328,0.02001953125
52,52,0,0,0,3,319,0.01947021484375
52,52,0,0,0,4,308,0.018798828125
52,52,0,0,0,5,517,0.03155517578125
52,52,0,0,0,6,905,0.05523681640625
52,52,0,0,0,7,2259,0.13787841796875
52,52,0,0,0,8,4536,0.27685546875
52,52,0,0,0,9,1885,0.11505126953125
52,52,0,0,0,10,732,0.044677734375
52,52,0,0,0,11,596,0.036376953125
52,52,0,0,0,12,284,0.017333984375
52,52,0,0,0,13,263,0.01605224609375
52,52,0,0,0,14,341,0.02081298828125
52,52,0,0,0,15,383,0.02337646484375
52,52,0,0,0,16,806,0.0491943359375
52,52,0,0,0,17,1509,0.09210205078125
52,52,1,0,1,0,156,0.009521484375
52,52,1,0,1,1,218,0.0133056640625
52,52,1,0,1,2,299,0.01824951171875
52,52,1,0,1,3,359,0.02191162109375
52,52,1,0,1,4,352,0.021484375
52,52,1,0,1,5,609,0.03717041015625
52,52,1,0,1,6,941,0.05743408203125
52,52,1,0,1,7,2404,0.146728515625
52,52,1,0,1,8,3769,0.23004150390625
52,52,1,0,1,9,2304,0.140625
52,52,1,0,1,10,838,0.0511474609375
52,52,1,0,1,11,672,0.041015625
52,52,1,0,1,12,377,0.02301025390625
52,52,1,0,1,13,346,0.0211181640625
52,52,1,0,1,14,335,0.02044677734375
52,52,1,0,1,15,237,0.01446533203125
52,52,1,0,1,16,647,0.03948974609375
52,52,1,0,1,17,1521,0.09283447265625
52,52,2,1,0,0,175,0.01068115234375
52,52,2,1,0,1,200,0.01220703125
52,52,2,1,0,2,266,0.0162353515625
52,52,2,1,0,3,375,0.02288818359375
52,52,2,1,0,4,324,0.019775390625
52,52,2,1,0,5,581,0.03546142578125
52,52,2,1,0,6,878,0.0535888671875
52,52,2,1,0,7,2125,0.12969970703125
52,52,2,1,0,8,3850,0.2349853515625
52,52,2,1,0,9,2214,0.1351318359375
52,52,2,1,0,10,936,0.05712890625
52,52,2,1,0,11,872,0.05322265625
52,52,2,1,0,12,482,0.0294189453125
52,52,2,1,0,13,380,0.023193359375
52,52,2,1,0,14,323,0.01971435546875
52,52,2,1,0,15,231,0.01409912109375
52,52,2,1,0,16,954,0.0582275390625
52,52,2,1,0,17,1218,0.0743408203125
52,52,3,1,1,0,139,0.00848388671875
52,52,3,1,1,1,180,0.010986328125
52,52,3,1,1,2,245,0.01495361328125
52,52,3,1,1,3,325,0.01983642578125
52,52,3,1,1,4,315,0.01922607421875
52,52,3,1,1,5,569,0.03472900390625
52,52,3,1,1,6,1023,0.06243896484375
52,52,3,1,1,7,2229,0.13604736328125
52,52,3,1,1,8,3367,0.20550537109375
52,52,3,1,1,9,2394,0.1461181640625
52,52,3,1,1,10,1171,0.07147216796875
52,52,3,1,1,11,995,0.06072998046875
52,52,3,1,1,12,519,0.03167724609375
52,52,3,1,1,13,427,0.02606201171875
52,52,3,1,1,14,316,0.019287109375
52,52,3,1,1,15,207,0.01263427734375
52,52,3,1,1,16,838,0.0511474609375
52,52,3,1,1,17,1125,0.06866455078125
53,53,0,0,0,0,132,0.008056640625
53,53,0,0,0,1,267,0.01629638671875
53,53,0,0,0,2,303,0.01849365234375
53,53,0,0,0,3,333,0.02032470703125
53,53,0,0,0,4,334,0.0203857421875
53,53,0,0,0,5,586,0.0357666015625
53,53,0,0,0,6,887,0.05413818359375
53,53,0,0,0,7,2239,0.13665771484375
53,53,0,0,0,8,4554,0.2779541015625
53,53,0,0,0,9,1863,0.11370849609375
53,53,0,0,0,10,656,0.0400390625
53,53,0,0,0,11,544,0.033203125
53,53,0,0,0,12,338,0.0206298828125
53,53,0,0,0,13,266,0.0162353515625
53,53,0,0,0,14,326,0.0198974609375
53,53,0,0,0,15,379,0.02313232421875
53,53,0,0,0,16,799,0.04876708984375
53,53,0,0,0,17,1578,0.0963134765625
53,53,1,0,1,0,173,0.01055908203125
53,53,1,0,1,1,247,0.01507568359375
53,53,1,0,1,2,236,0.014404296875
53,53,1,0,1,3,348,0.021240234375
53,53,1,0,1,4,350,0.0213623046875
53,53,1,0,1,5,637,0.03887939453125
53,53,1,0,1,6,942,0.0574951171875
53,53,1,0,1,7,2384,0.1455078125
53,53,1,0,1,8,3821,0.23321533203125
53,53,1,0,1,9,2284,0.139404296875
53,53,1,0,1,10,830,0.0506591796875
53,53,1,0,1,11,628,0.038330078125
53,53,1,0,1,12,403,0.02459716796875
53,53,1,0,1,13,353,0.02154541015625
53,53,1,0,1,14,314,0.0191650390625
53,53,1,0,1,15,271,0.01654052734375
53,53,1,0,1,16,692,0.042236328125
53,53,1,0,1,17,1471,0.08978271484375
53,53,2,1,0,0,199,0.01214599609375
53,53,2,1,0,1,213,0.01300048828125
53,53,2,1,0,2,239,0.01458740234375
53,53,2,1,0,3,383,0.02337646484375
53,53,2,1,0,4,340,0.020751953125
53,53,2,1,0,5,548,0.033447265625
53,53,2,1,0,6,921,0.05621337890625
53,53,2,1,0,7,2134,0.1302490234375
53,53,2,1,0,8,3816,0.23291015625
53,53,2,1,0,9,2221,0.13555908203125
53,53,2,1,0,10,1003,0.06121826171875
53,53,2,1,0,11,839,0.05120849609375
53,53,2,1,0,12,472,0.02880859375
53,53,2,1,0,13,391,0.02386474609375
53,53,2,1,0,14,303,0.01849365234375
53,53,2,1,0,15,226,0.0137939453125
53,53,2,1,0,16,825,0.05035400390625
53,53,2,1,0,17,1311,0.08001708984375
53,53,3,1,1,0,122,0.0074462890625
53,53,3,1,1,1,187,0.01141357421875
53,53,3,1,1,2,272,0.0166015625
53,53,3,1,1,3,321,0.01959228515625
53,53,3,1,1,4,364,0.022216796875
53,53,3,1,1,5,579,0.03533935546875
53,53,3,1,1,6,982,0.0599365234375
53,53,3,1,1,7,2271,0.13861083984375
53,53,3,1,1,8,3234,0.1973876953125
53,53,3,1,1,9,2472,0.15087890625
53,53,3,1,1,10,1113,0.06793212890625
53,53,3,1,1,11,924,0.056396484375
53,53,3,1,1,12,526,0.0321044921875
53,53,3,1,1,13,449,0.02740478515625
53,53,3,1,1,14,340,0.020751953125
53,53,3,1,1,15,221,0.01348876953125
53,53,3,1,1,16,772,0.047119140625
53,53,3,1,1,17,1235,0.07537841796875
54,54,0,0,0,0,151,0.00921630859375
54,54,0,0,0,1,255,0.01556396484375
54,54,0,0,0,2,295,0.01800537109375
54,54,0,0,0,3,322,0.0196533203125
54,54,0,0,0,4,376,0.02294921875
54,54,0,0,0,5,537,0.03277587890625
54,54,0,0,0,6,896,0.0546875
54,54,0,0,0,7,2231,0.13616943359375
54,54,0,0,0,8,4595,0.28045654296875
54,54,0,0,0,9,1869,0.11407470703125
54,54,0,0,0,10,686,0.0418701171875
54,54,0,0,0,11,557,0.03399658203125
54,54,0,0,0,12,274,0.0167236328125
54,54,0,0,0,13,267,0.01629638671875
54,54,0,0,0,14,322,0.0196533203125
54,54,0,0,0,15,377,0.02301025390625
54,54,0,0,0,16,789,0.04815673828125
54,54,0,0,0,17,1585,0.09674072265625
54,54,1,0,1,0,178,0.0108642578125
54,54,1,0,1,1,238,0.0145263671875
54,54,1,0,1,2,283,0.01727294921875
54,54,1,0,1,3,352,0.021484375
54,54,1,0,1,4,334,0.0203857421875
54,54,1,0,1,5,583,0.03558349609375
54,54,1,0,1,6,960,0.05859375
54,54,1,0,1,7,2406,0.1468505859375
54,54,1,0,1,8,3796,0.231689453125
54,54,1,0,1,9,2257,0.13775634765625
54,54,1,0,1,10,839,0.05120849609375
54,54,1,0,1,11,655,0.03997802734375
54,54,1,0,1,12,426,0.0260009765625
54,54,1,0,1,13,393,0.02398681640625
54,54,1,0,1,14,315,0.01922607421875
54,54,1,0,1,15,274,0.0167236328125
54,54,1,0,1,16,623,0.03802490234375
54,54,1,0,1,17,1472,0.08984375
54,54,2,1,0,0,180,0.010986328125
54,54,2,1,0,1,190,0.0115966796875
54,54,2,1,0,2,250,0.0152587890625
54,54,2,1,0,3,354,0.0216064453125
54,54,2,1,0,4,336,0.0205078125
54,54,2,1,0,5,602,0.0367431640625
54,54,2,1,0,6,934,0.0570068359375
54,54,2,1,0,7,2131,0.13006591796875
54,54,2,1,0,8,3902,0.2381591796875
54,54,2,1,0,9,2302,0.1405029296875
54,54,2,1,0,10,951,0.05804443359375
54,54,2,1,0,11,831,0.05072021484375
54,54,2,1,0,12,469,0.02862548828125
54,54,2,1,0,13,355,0.02166748046875
54,54,2,1,0,14,289,0.01763916015625
54,54,2,1,0,15,242,0.0147705078125
54,54,2,1,0,16,813,0.04962158203125
54,54,2,1,0,17,1253,0.07647705078125
54,54,3,1,1,0,139,0.00848388671875
54,54,3,1,1,1,182,0.0111083984375
54,54,3,1,1,2,237,0.01446533203125
54,54,3,1,1,3,326,0.0198974609375
54,54,3,1,1,4,272,0.0166015625
54,54,3,1,1,5,557,0.03399658203125
54,54,3,1,1,6,1044,0.063720703125
54,54,3,1,1,7,2196,0.134033203125
54,54,3,1,1,8,3313,0.20220947265625
54,54,3,1,1,9,2430,0.1483154296875
54,54,3,1,1,10,1115,0.06805419921875
54,54,3,1,1,11,948,0.057861328125
54,54,3,1,1,12,578,0.0352783203125
54,54,3,1,1,13,429,0.02618408203125
54,54,3,1,1,14,337,0.02056884765625
54,54,3,1,1,15,246,0.0150146484375
54,54,3,1,1,16,841,0.05133056640625
54,54,3,1,1,17,1194,0.0728759765625
55,55,0,0,0,0,154,0.0093994140625
55,55,0,0,0,1,284,0.017333984375
55,55,0,0,0,2,288,0.017578125
55,55,0,0,0,3,315,0.01922607421875
55,55,0,0,0,4,364,0.022216796875
55,55,0,0,0,5,530,0.0323486328125
55,55,0,0,0,6,908,0.055419921875
55,55,0,0,0,7,2186,0.1334228515625
55,55,0,0,0,8,4687,0.28607177734375
55,55,0,0,0,9,1782,0.1087646484375
55,55,0,0,0,10,695,0.04241943359375
55,55,0,0,0,11,546,0.0333251953125
55,55,0,0,0,12,307,0.01873779296875
55,55,0,0,0,13,267,0.01629638671875
55,55,0,0,0,14,321,0.01959228515625
55,55,0,0,0,15,375,0.02288818359375
55,55,0,0,0,16,801,0.04888916015625
55,55,0,0,0,17,1574,0.0960693359375
55,55,1,0,1,0,179,0.01092529296875
55,55,1,0,1,1,240,0.0146484375
55,55,1,0,1,2,287,0.01751708984375
55,55,1,0,1,3,329,0.02008056640625
55,55,1,0,1,4,338,0.0206298828125
55,55,1,0,1,5,572,0.034912109375
55,55,1,0,1,6,994,0.0606689453125
55,55,1,0,1,7,2391,0.14593505859375
55,55,1,0,1,8,3795,0.23162841796875
55,55,1,0,1,9,2249,0.13726806640625
55,55,1,0,1,10,847,0.05169677734375
55,55,1,0,1,11,669,0.04083251953125
55,55,1,0,1,12,426,0.0260009765625
55,55,1,0,1,13,361,0.02203369140625
55,55,1,0,1,14,350,0.0213623046875
55,55,1,0,1,15,273,0.01666259765625
55,55,1,0,1,16,621,0.03790283203125
55,55,1,0,1,17,1463,0.08929443359375
55,55,2,1,0,0,192,0.01171875
55,55,2,1,0,1,189,0.01153564453125
55,55,2,1,0,2,234,0.0142822265625
55,55,2,1,0,3,341,0.02081298828125
55,55,2,1,0,4,353,0.02154541015625
55,55,2,1,0,5,548,0.033447265625
55,55,2,1,0,6,921,0.05621337890625
55,55,2,1,0,7,2159,0.13177490234375
55,55,2,1,0,8,3908,0.238525390625
55,55,2,1,0,9,2325,0.14190673828125
55,55,2,1,0,10,1009,0.06158447265625
55,55,2,1,0,11,843,0.05145263671875
55,55,2,1,0,12,424,0.02587890625
55,55,2,1,0,13,409,0.02496337890625
55,55,2,1,0,14,308,0.018798828125
55,55,2,1,0,15,213,0.01300048828125
55,55,2,1,0,16,766,0.0467529296875
55,55,2,1,0,17,1242,0.0758056640625
55,55,3,1,1,0,146,0.0089111328125
55,55,3,1,1,1,174,0.0106201171875
55,55,3,1,1,2,264,0.01611328125
55,55,3,1,1,3,337,0.02056884765625
55,55,3,1,1,4,302,0.0184326171875
55,55,3,1,1,5,567,0.03460693359375
55,55,3,1,1,6,1047,0.06390380859375
55,55,3,1,1,7,2184,0.13330078125
55,55,3,1,1,8,3304,0.20166015625
55,55,3,1,1,9,2388,0.145751953125
55,55,3,1,1,10,1151,0.07025146484375
55,55,3,1,1,11,961,0.05865478515625
55,55,3,1,1,12,530,0.0323486328125
55,55,3,1,1,13,428,0.026123046875
55,55,3,1,1,14,367,0.02239990234375
55,55,3,1,1,15,240,0.0146484375
55,55,3,1,1,16,792,0.04833984375
55,55,3,1,1,17,1202,0.0733642578125
56,56,0,0,0,0,142,0.0086669921875
56,56,0,0,0,1,291,0.01776123046875
56,56,0,0,0,2,290,0.0177001953125
56,56,0,0,0,3,328,0.02001953125
56,56,0,0,0,4,349,0.02130126953125
56,56,0,0,0,5,580,0.035400390625
56,56,0,0,0,6,929,0.05670166015625
56,56,0,0,0,7,2067,0.12615966796875
56,56,0,0,0,8,4683,0.28582763671875
56,56,0,0,0,9,1790,0.1092529296875
56,56,0,0,0,10,678,0.0413818359375
56,56,0,0,0,11,587,0.03582763671875
56,56,0,0,0,12,285,0.01739501953125
56,56,0,0,0,13,279,0.01702880859375
56,56,0,0,0,14,300,0.018310546875
56,56,0,0,0,15,385,0.02349853515625
56,56,0,0,0,16,833,0.05084228515625
56,56,0,0,0,17,1588,0.096923828125
56,56,1,0,1,0,157,0.00958251953125
56,56,1,0,1,1,260,0.015869140625
56,56,1,0,1,2,283,0.01727294921875
56,56,1,0,1,3,362,0.0220947265625
56,56,1,0,1,4,338,0.0206298828125
56,56,1,0,1,5,534,0.0325927734375
56,56,1,0,1,6,968,0.05908203125
56,56,1,0,1,7,2426,0.1480712890625
56,56,1,0,1,8,3749,0.22882080078125
56,56,1,0,1,9,2323,0.14178466796875
56,56,1,0,1,10,818,0.0499267578125
56,56,1,0,1,11,642,0.0391845703125
56,56,1,0,1,12,422,0.0257568359375
56,56,1,0,1,13,363,0.02215576171875
56,56,1,0,1,14,357,0.02178955078125
56,56,1,0,1,15,252,0.015380859375
56,56,1,0,1,16,651,0.03973388671875
56,56,1,0,1,17,1479,0.09027099609375
56,56,2,1,0,0,185,0.01129150390625
56,56,2,1,0,1,178,0.0108642578125
56,56,2,1,0,2,193,0.01177978515625
56,56,2,1,0,3,341,0.02081298828125
56,56,2,1,0,4,368,0.0224609375
56,56,2,1,0,5,583,0.03558349609375
56,56,2,1,0,6,904,0.05517578125
56,56,2,1,0,7,2160,0.1318359375
56,56,2,1,0,8,3936,0.240234375
56,56,2,1,0,9,2339,0.14276123046875
56,56,2,1,0,10,999,0.06097412109375
56,56,2,1,0,11,829,0.05059814453125
56,56,2,1,0,12,451,0.02752685546875
56,56,2,1,0,13,383,0.02337646484375
56,56,2,1,0,14,291,0.01776123046875
56,56,2,1,0,15,196,0.011962890625
56,56,2,1,0,16,748,0.045654296875
56,56,2,1,0,17,1300,0.079345703125
56,56,3,1,1,0,151,0.00921630859375
56,56,3,1,1,1,176,0.0107421875
56,56,3,1,1,2,252,0.015380859375
56,56,3,1,1,3,316,0.019287109375
56,56,3,1,1,4,304,0.0185546875
56,56,3,1,1,5,578,0.0352783203125
56,56,3,1,1,6,1010,0.0616455078125
56,56,3,1,1,7,2208,0.134765625
56,56,3,1,1,8,3178,0.1939697265625
56,56,3,1,1,9,2502,0.1527099609375
56,56,3,1,1,10,1176,0.07177734375
56,56,3,1,1,11,946,0.0577392578125
56,56,3,1,1,12,543,0.03314208984375
56,56,3,1,1,13,422,0.0257568359375
56,56,3,1,1,14,358,0.0218505859375
56,56,3,1,1,15,192,0.01171875
56,56,3,1,1,16,819,0.04998779296875
56,56,3,1,1,17,1253,0.07647705078125
57,57,0,0,0,0,149,0.00909423828125
57,57,0,0,0,1,248,0.01513671875
57,57,0,0,0,2,291,0.01776123046875
57,57,0,0,0,3,325,0.01983642578125
57,57,0,0,0,4,345,0.02105712890625
57,57,0,0,0,5,635,0.03875732421875
57,57,0,0,0,6,959,0.05853271484375
57,57,0,0,0,7,2110,0.1287841796875
57,57,0,0,0,8,4663,0.28460693359375
57,57,0,0,0,9,1709,0.10430908203125
57,57,0,0,0,10,679,0.04144287109375
57,57,0,0,0,11,569,0.03472900390625
57,57,0,0,0,12,311,0.01898193359375
57,57,0,0,0,13,266,0.0162353515625
57,57,0,0,0,14,302,0.0184326171875
57,57,0,0,0,15,369,0.02252197265625
57,57,0,0,0,16,840,0.05126953125
57,57,0,0,0,17,1614,0.0985107421875
57,57,1,0,1,0,155,0.00946044921875
57,57,1,0,1,1,231,0.01409912109375
57,57,1,0,1,2,335,0.02044677734375
57,57,1,0,1,3,352,0.021484375
57,57,1,0,1,4,334,0.0203857421875
57,57,1,0,1,5,544,0.033203125
57,57,1,0,1,6,982,0.0599365234375
57,57,1,0,1,7,2380,0.145263671875
57,57,1,0,1,8,3819,0.23309326171875
57,57,1,0,1,9,2222,0.1356201171875
57,57,1,0,1,10,874,0.0533447265625
57,57,1,0,1,11,687,0.04193115234375
57,57,1,0,1,12,426,0.0260009765625
57,57,1,0,1,13,361,0.02203369140625
57,57,1,0,1,14,304,0.0185546875
57,57,1,0,1,15,246,0.0150146484375
57,57,1,0,1,16,665,0.04058837890625
57,57,1,0,1,17,1467,0.08953857421875
57,57,2,1,0,0,198,0.0120849609375
57,57,2,1,0,1,179,0.01092529296875
57,57,2,1,0,2,219,0.01336669921875
57,57,2,1,0,3,329,0.02008056640625
57,57,2,1,0,4,345,0.02105712890625
57,57,2,1,0,5,551,0.03363037109375
57,57,2,1,0,6,943,0.05755615234375
57,57,2,1,0,7,2205,0.13458251953125
57,57,2,1,0,8,3877,0.23663330078125
57,57,2,1,0,9,2313,0.14117431640625
57,57,2,1,0,10,968,0.05908203125
57,57,2,1,0,11,804,0.049072265625
57,57,2,1,0,12,461,0.02813720703125
57,57,2,1,0,13,408,0.02490234375
57,57,2,1,0,14,310,0.0189208984375
57,57,2,1,0,15,188,0.011474609375
57,57,2,1,0,16,828,0.050537109375
57,57,2,1,0,17,1258,0.0767822265625
57,57,3,1,1,0,146,0.0089111328125
57,57,3,1,1,1,209,0.01275634765625
57,57,3,1,1,2,240,0.0146484375
57,57,3,1,1,3,340,0.020751953125
57,57,3,1,1,4,334,0.0203857421875
57,57,3,1,1,5,576,0.03515625
57,57,3,1,1,6,953,0.05816650390625
57,57,3,1,1,7,2124,0.129638671875
57,57,3,1,1,8,3208,0.19580078125
57,57,3,1,1,9,2458,0.1500244140625
57,57,3,1,1,10,1162,0.0709228515625
57,57,3,1,1,11,980,0.059814453125
57,57,3,1,1,12,552,0.03369140625
57,57,3,1,1,13,440,0.02685546875
57,57,3,1,1,14,344,0.02099609375
57,57,3,1,1,15,224,0.013671875
57,57,3,1,1,16,818,0.0499267578125
57,57,3,1,1,17,1276,0.077880859375
58,58,0,0,0,0,155,0.00946044921875
58,58,0,0,0,1,258,0.0157470703125
58,58,0,0,0,2,296,0.01806640625
58,58,0,0,0,3,347,0.02117919921875
58,58,0,0,0,4,350,0.0213623046875
58,58,0,0,0,5,594,0.0362548828125
58,58,0,0,0,6,914,0.0557861328125
58,58,0,0,0,7,2069,0.12628173828125
58,58,0,0,0,8,4685,0.28594970703125
58,58,0,0,0,9,1773,0.10821533203125
58,58,0,0,0,10,678,0.0413818359375
58,58,0,0,0,11,582,0.0355224609375
58,58,0,0,0,12,306,0.0186767578125
58,58,0,0,0,13,271,0.01654052734375
58,58,0,0,0,14,308,0.018798828125
58,58,0,0,0,15,363,0.02215576171875
58,58,0,0,0,16,830,0.0506591796875
58,58,0,0,0,17,1605,0.09796142578125
58,58,1,0,1,0,145,0.00885009765625
58,58,1,0,1,1,215,0.01312255859375
58,58,1,0,1,2,330,0.0201416015625
58,58,1,0,1,3,365,0.02227783203125
58,58,1,0,1,4,339,0.02069091796875
58,58,1,0,1,5,573,0.03497314453125
58,58,1,0,1,6,927,0.05657958984375
58,58,1,0,1,7,2456,0.14990234375
58,58,1,0,1,8,3761,0.22955322265625
58,58,1,0,1,9,2304,0.140625
58,58,1,0,1,10,864,0.052734375
58,58,1,0,1,11,667,0.04071044921875
58,58,1,0,1,12,413,0.02520751953125
58,58,1,0,1,13,380,0.023193359375
58,58,1,0,1,14,285,0.01739501953125
58,58,1,0,1,15,282,0.0172119140625
58,58,1,0,1,16,650,0.0396728515625
58,58,1,0,1,17,1428,0.087158203125
58,58,2,1,0,0,186,0.0113525390625
58,58,2,1,0,1,189,0.01153564453125
58,58,2,1,0,2,204,0.012451171875
58,58,2,1,0,3,321,0.01959228515625
58,58,2,1,0,4,353,0.02154541015625
58,58,2,1,0,5,561,0.03424072265625
58,58,2,1,0,6,912,0.0556640625
58,58,2,1,0,7,2232,0.13623046875
58,58,2,1,0,8,3876,0.236572265625
58,58,2,1,0,9,2309,0.14093017578125
58,58,2,1,0,10,1068,0.065185546875
58,58,2,1,0,11,810,0.0494384765625
58,58,2,1,0,12,503,0.03070068359375
58,58,2,1,0,13,365,0.02227783203125
58,58,2,1,0,14,322,0.0196533203125
58,58,2,1,0,15,209,0.01275634765625
58,58,2,1,0,16,812,0.049560546875
58,58,2,1,0,17,1152,0.0703125
58,58,3,1,1,0,141,0.00860595703125
58,58,3,1,1,1,168,0.01025390625
58,58,3,1,1,2,250,0.0152587890625
58,58,3,1,1,3,331,0.02020263671875
58,58,3,1,1,4,300,0.018310546875
58,58,3,1,1,5,598,0.0364990234375
58,58,3,1,1,6,1025,0.06256103515625
58,58,3,1,1,7,2165,0.13214111328125
58,58,3,1,1,8,3252,0.198486328125
58,58,3,1,1,9,2409,0.14703369140625
58,58,3,1,1,10,1158,0.0706787109375
58,58,3,1,1,11,955,0.05828857421875
58,58,3,1,1,12,563,0.03436279296875
58,58,3,1,1,13,456,0.02783203125
58,58,3,1,1,14,331,0.02020263671875
58,58,3,1,1,15,218,0.0133056640625
58,58,3,1,1,16,873,0.05328369140625
58,58,3,1,1,17,1191,0.07269287109375
59,59,0,0,0,0,139,0.00848388671875
59,59,0,0,0,1,294,0.0179443359375
59,59,0,0,0,2,278,0.0169677734375
59,59,0,0,0,3,348,0.021240234375
59,59,0,0,0,4,355,0.02166748046875
59,59,0,0,0,5,549,0.03350830078125
59,59,0,0,0,6,883,0.05389404296875
59,59,0,0,0,7,2113,0.12896728515625
59,59,0,0,0,8,4708,0.287353515625
59,59,0,0,0,9,1729,0.10552978515625
59,59,0,0,0,10,672,0.041015625
59,59,0,0,0,11,554,0.0338134765625
59,59,0,0,0,12,321,0.01959228515625
59,59,0,0,0,13,277,0.01690673828125
59,59,0,0,0,14,329,0.02008056640625
59,59,0,0,0,15,394,0.0240478515625
59,59,0,0,0,16,773,0.04718017578125
59,59,0,0,0,17,1668,0.101806640625
59,59,1,0,1,0,137,0.00836181640625
59,59,1,0,1,1,228,0.013916015625
59,59,1,0,1,2,281,0.01715087890625
59,59,1,0,1,3,367,0.02239990234375
59,59,1,0,1,4,356,0.021728515625
59,59,1,0,1,5,579,0.03533935546875
59,59,1,0,1,6,1018,0.0621337890625
59,59,1,0,1,7,2461,0.15020751953125
59,59,1,0,1,8,3768,0.22998046875
59,59,1,0,1,9,2253,0.13751220703125
59,59,1,0,1,10,893,0.05450439453125
59,59,1,0,1,11,665,0.04058837890625
59,59,1,0,1,12,400,0.0244140625
59,59,1,0,1,13,356,0.021728515625
59,59,1,0,1,14,338,0.0206298828125
59,59,1,0,1,15,252,0.015380859375
59,59,1,0,1,16,648,0.03955078125
59,59,1,0,1,17,1384,0.08447265625
59,59,2,1,0,0,175,0.01068115234375
59,59,2,1,0,1,174,0.0106201171875
59,59,2,1,0,2,228,0.013916015625
59,59,2,1,0,3,330,0.0201416015625
59,59,2,1,0,4,336,0.0205078125
59,59,2,1,0,5,579,0.03533935546875
59,59,2,1,0,6,884,0.053955078125
59,59,2,1,0,7,2157,0.13165283203125
59,59,2,1,0,8,3893,0.23760986328125
59,59,2,1,0,9,2382,0.1453857421875
59,59,2,1,0,10,1041,0.06353759765625
59,59,2,1,0,11,802,0.0489501953125
59,59,2,1,0,12,471,0.02874755859375
59,59,2,1,0,13,366,0.0223388671875
59,59,2,1,0,14,314,0.0191650390625
59,59,2,1,0,15,218,0.0133056640625
59,59,2,1,0,16,833,0.05084228515625
59,59,2,1,0,17,1201,0.07330322265625
59,59,3,1,1,0,141,0.00860595703125
59,59,3,1,1,1,144,0.0087890625
59,59,3,1,1,2,273,0.01666259765625
59,59,3,1,1,3,363,0.02215576171875
59,59,3,1,1,4,347,0.02117919921875
59,59,3,1,1,5,563,0.03436279296875
59,59,3,1,1,6,979,0.05975341796875
59,59,3,1,1,7,2199,0.13421630859375
59,59,3,1,1,8,3163,0.19305419921875
59,59,3,1,1,9,2423,0.14788818359375
59,59,3,1,1,10,1176,0.07177734375
59,59,3,1,1,11,1040,0.0634765625
59,59,3,1,1,12,554,0.0338134765625
59,59,3,1,1,13,449,0.02740478515625
59,59,3,1,1,14,344,0.02099609375
59,59,3,1,1,15,184,0.01123046875
59,59,3,1,1,16,841,0.05133056640625
59,59,3,1,1,17,1201,0.07330322265625
60,60,0,0,0,0,140,0.008544921875
60,60,0,0,0,1,271,0.01654052734375
60,60,0,0,0,2,300,0.018310546875
60,60,0,0,0,3,339,0.02069091796875
60,60,0,0,0,4,373,0.02276611328125
60,60,0,0,0,5,513,0.03131103515625
60,60,0,0,0,6,895,0.05462646484375
60,60,0,0,0,7,2136,0.13037109375
60,60,0,0,0,8,4603,0.28094482421875
60,60,0,0,0,9,1798,0.1097412109375
60,60,0,0,0,10,656,0.0400390625
60,60,0,0,0,11,604,0.036865234375
60,60,0,0,0,12,300,0.018310546875
60,60,0,0,0,13,282,0.0172119140625
60,60,0,0,0,14,294,0.0179443359375
60,60,0,0,0,15,404,0.024658203125
60,60,0,0,0,16,850,0.0518798828125
60,60,0,0,0,17,1626,0.0992431640625
60,60,1,0,1,0,141,0.00860595703125
60,60,1,0,1,1,205,0.01251220703125
60,60,1,0,1,2,253,0.01544189453125
60,60,1,0,1,3,363,0.02215576171875
60,60,1,0,1,4,360,0.02197265625
60,60,1,0,1,5,600,0.03662109375
60,60,1,0,1,6,1020,0.062255859375
60,60,1,0,1,7,2464,0.150390625
60,60,1,0,1,8,3740,0.228271484375
60,60,1,0,1,9,2299,0.14031982421875
60,60,1,0,1,10,903,0.05511474609375
60,60,1,0,1,11,683,0.04168701171875
60,60,1,0,1,12,402,0.0245361328125
60,60,1,0,1,13,360,0.02197265625
60,60,1,0,1,14,315,0.01922607421875
60,60,1,0,1,15,251,0.01531982421875
60,60,1,0,1,16,634,0.0386962890625
60,60,1,0,1,17,1391,0.08489990234375
60,60,2,1,0,0,193,0.01177978515625
60,60,2,1,0,1,158,0.0096435546875
60,60,2,1,0,2,212,0.012939453125
60,60,2,1,0,3,324,0.019775390625
60,60,2,1,0,4,366,0.0223388671875
60,60,2,1,0,5,545,0.03326416015625
60,60,2,1,0,6,867,0.05291748046875
60,60,2,1,0,7,2260,0.137939453125
60,60,2,1,0,8,3843,0.23455810546875
60,60,2,1,0,9,2322,0.1417236328125
60,60,2,1,0,10,1052,0.064208984375
60,60,2,1,0,11,786,0.0479736328125
60,60,2,1,0,12,463,0.02825927734375
60,60,2,1,0,13,396,0.024169921875
60,60,2,1,0,14,306,0.0186767578125
60,60,2,1,0,15,206,0.0125732421875
60,60,2,1,0,16,833,0.05084228515625
60,60,2,1,0,17,1252,0.076416015625
60,60,3,1,1,0,159,0.00970458984375
60,60,3,1,1,1,150,0.0091552734375
60,60,3,1,1,2,268,0.016357421875
60,60,3,1,1,3,354,0.0216064453125
60,60,3,1,1,4,344,0.02099609375
60,60,3,1,1,5,548,0.033447265625
60,60,3,1,1,6,1037,0.06329345703125
60,60,3,1,1,7,2188,0.133544921875
60,60,3,1,1,8,3129,0.19097900390625
60,60,3,1,1,9,2498,0.1524658203125
60,60,3,1,1,10,1193,0.07281494140625
60,60,3,1,1,11,1036,0.063232421875
60,60,3,1,1,12,543,0.03314208984375
60,60,3,1,1,13,435,0.02655029296875
60,60,3,1,1,14,336,0.0205078125
60,60,3,1,1,15,204,0.012451171875
60,60,3,1,1,16,821,0.05010986328125
60,60,3,1,1,17,1141,0.06964111328125
61,61,0,0,0,0,146,0.0089111328125
61,61,0,0,0,1,276,0.016845703125
61,61,0,0,0,2,288,0.017578125
61,61,0,0,0,3,366,0.0223388671875
61,61,0,0,0,4,364,0.022216796875
61,61,0,0,0,5,566,0.0345458984375
61,61,0,0,0,6,821,0.05010986328125
61,61,0,0,0,7,2140,0.130615234375
61,61,0,0,0,8,4589,0.28009033203125
61,61,0,0,0,9,1789,0.10919189453125
61,61,0,0,0,10,656,0.0400390625
61,61,0,0,0,11,610,0.0372314453125
61,61,0,0,0,12,324,0.019775390625
61,61,0,0,0,13,293,0.01788330078125
61,61,0,0,0,14,326,0.0198974609375
61,61,0,0,0,15,349,0.02130126953125
61,61,0,0,0,16,830,0.0506591796875
61,61,0,0,0,17,1651,0.10076904296875
61,61,1,0,1,0,153,0.00933837890625
61,61,1,0,1,1,199,0.01214599609375
61,61,1,0,1,2,244,0.014892578125
61,61,1,0,1,3,367,0.02239990234375
61,61,1,0,1,4,362,0.0220947265625
61,61,1,0,1,5,627,0.03826904296875
61,61,1,0,1,6,1017,0.06207275390625
61,61,1,0,1,7,2436,0.148681640625
61,61,1,0,1,8,3735,0.22796630859375
61,61,1,0,1,9,2286,0.1395263671875
61,61,1,0,1,10,924,0.056396484375
61,61,1,0,1,11,708,0.043212890625
61,61,1,0,1,12,383,0.02337646484375
61,61,1,0,1,13,363,0.02215576171875
61,61,1,0,1,14,318,0.0194091796875
61,61,1,0,1,15,245,0.01495361328125
61,61,1,0,1,16,602,0.0367431640625
61,61,1,0,1,17,1415,0.08636474609375
61,61,2,1,0,0,191,0.01165771484375
61,61,2,1,0,1,166,0.0101318359375
61,61,2,1,0,2,215,0.01312255859375
61,61,2,1,0,3,347,0.02117919921875
61,61,2,1,0,4,346,0.0211181640625
61,61,2,1,0,5,570,0.0347900390625
61,61,2,1,0,6,880,0.0537109375
61,61,2,1,0,7,2186,0.1334228515625
61,61,2,1,0,8,3770,0.2301025390625
61,61,2,1,0,9,2408,0.14697265625
61,61,2,1,0,10,1013,0.06182861328125
61,61,2,1,0,11,824,0.05029296875
61,61,2,1,0,12,448,0.02734375
61,61,2,1,0,13,369,0.02252197265625
61,61,2,1,0,14,331,0.02020263671875
61,61,2,1,0,15,194,0.0118408203125
61,61,2,1,0,16,847,0.05169677734375
61,61,2,1,0,17,1279,0.07806396484375
61,61,3,1,1,0,152,0.00927734375
61,61,3,1,1,1,184,0.01123046875
61,61,3,1,1,2,266,0.0162353515625
61,61,3,1,1,3,334,0.0203857421875
61,61,3,1,1,4,318,0.0194091796875
61,61,3,1,1,5,590,0.0360107421875
61,61,3,1,1,6,1048,0.06396484375
61,61,3,1,1,7,2081,0.12701416015625
61,61,3,1,1,8,3159,0.19281005859375
61,61,3,1,1,9,2532,0.154541015625
61,61,3,1,1,10,1183,0.07220458984375
61,61,3,1,1,11,1046,0.0638427734375
61,61,3,1,1,12,549,0.03350830078125
61,61,3,1,1,13,436,0.026611328125
61,61,3,1,1,14,319,0.01947021484375
61,61,3,1,1,15,180,0.010986328125
61,61,3,1,1,16,803,0.04901123046875
61,61,3,1,1,17,1204,0.073486328125
62,62,0,0,0,0,153,0.00933837890625
62,62,0,0,0,1,290,0.0177001953125
62,62,0,0,0,2,286,0.0174560546875
62,62,0,0,0,3,327,0.01995849609375
62,62,0,0,0,4,355,0.02166748046875
62,62,0,0,0,5,600,0.03662109375
62,62,0,0,0,6,853,0.05206298828125
62,62,0,0,0,7,2057,0.12554931640625
62,62,0,0,0,8,4679,0.28558349609375
62,62,0,0,0,9,1735,0.10589599609375
62,62,0,0,0,10,703,0.04290771484375
62,62,0,0,0,11,579,0.03533935546875
62,62,0,0,0,12,321,0.01959228515625
62,62,0,0,0,13,310,0.0189208984375
62,62,0,0,0,14,313,0.01910400390625
62,62,0,0,0,15,322,0.0196533203125
62,62,0,0,0,16,888,0.05419921875
62,62,0,0,0,17,1613,0.09844970703125
62,62,1,0,1,0,144,0.0087890625
62,62,1,0,1,1,188,0.011474609375
62,62,1,0,1,2,265,0.01617431640625
62,62,1,0,1,3,362,0.0220947265625
62,62,1,0,1,4,362,0.0220947265625
62,62,1,0,1,5,626,0.0382080078125
62,62,1,0,1,6,1044,0.063720703125
62,62,1,0,1,7,2445,0.14923095703125
62,62,1,0,1,8,3770,0.2301025390625
62,62,1,0,1,9,2259,0.13787841796875
62,62,1,0,1,10,900,0.054931640625
62,62,1,0,1,11,713,0.04351806640625
62,62,1,0,1,12,416,0.025390625
62,62,1,0,1,13,345,0.02105712890625
62,62,1,0,1,14,314,0.0191650390625
62,62,1,0,1,15,243,0.01483154296875
62,62,1,0,1,16,587,0.03582763671875
62,62,1,0,1,17,1401,0.08551025390625
62,62,2,1,0,0,178,0.0108642578125
62,62,2,1,0,1,162,0.0098876953125
62,62,2,1,0,2,220,0.013427734375
62,62,2,1,0,3,310,0.0189208984375
62,62,2,1,0,4,339,0.02069091796875
62,62,2,1,0,5,570,0.0347900390625
62,62,2,1,0,6,868,0.052978515625
62,62,2,1,0,7,2228,0.135986328125
62,62,2,1,0,8,3856,0.2353515625
62,62,2,1,0,9,2353,0.14361572265625
62,62,2,1,0,10,1065,0.06500244140625
62,62,2,1,0,11,793,0.04840087890625
62,62,2,1,0,12,444,0.027099609375
62,62,2,1,0,13,399,0.02435302734375
62,62,2,1,0,14,297,0.01812744140625
62,62,2,1,0,15,201,0.01226806640625
62,62,2,1,0,16,839,0.05120849609375
62,62,2,1,0,17,1262,0.0770263671875
62,62,3,1,1,0,141,0.00860595703125
62,62,3,1,1,1,168,0.01025390625
62,62,3,1,1,2,249,0.01519775390625
62,62,3,1,1,3,363,0.02215576171875
62,62,3,1,1,4,307,0.01873779296875
62,62,3,1,1,5,548,0.033447265625
62,62,3,1,1,6,968,0.05908203125
62,62,3,1,1,7,2212,0.135009765625
62,62,3,1,1,8,3134,0.1912841796875
62,62,3,1,1,9,2532,0.154541015625
62,62,3,1,1,10,1202,0.0733642578125
62,62,3,1,1,11,1083,0.06610107421875
62,62,3,1,1,12,521,0.03179931640625
62,62,3,1,1,13,435,0.02655029296875
62,62,3,1,1,14,318,0.0194091796875
62,62,3,1,1,15,196,0.011962890625
62,62,3,1,1,16,853,0.05206298828125
62,62,3,1,1,17,1154,0.0704345703125
63,63,0,0,0,0,140,0.008544921875
63,63,0,0,0,1,281,0.01715087890625
63,63,0,0,0,2,327,0.01995849609375
63,63,0,0,0,3,340,0.020751953125
63,63,0,0,0,4,369,0.02252197265625
63,63,0,0,0,5,559,0.03411865234375
63,63,0,0,0,6,883,0.05389404296875
63,63,0,0,0,7,2091,0.12762451171875
63,63,0,0,0,8,4614,0.2816162109375
63,63,0,0,0,9,1843,0.11248779296875
63,63,0,0,0,10,644,0.039306640625
63,63,0,0,0,11,611,0.03729248046875
63,63,0,0,0,12,315,0.01922607421875
63,63,0,0,0,13,282,0.0172119140625
63,63,0,0,0,14,352,0.021484375
63,63,0,0,0,15,347,0.02117919921875
63,63,0,0,0,16,846,0.0516357421875
63,63,0,0,0,17,1540,0.093994140625
63,63,1,0,1,0,160,0.009765625
63,63,1,0,1,1,174,0.0106201171875
63,63,1,0,1,2,234,0.0142822265625
63,63,1,0,1,3,379,0.02313232421875
63,63,1,0,1,4,381,0.02325439453125
63,63,1,0,1,5,651,0.03973388671875
63,63,1,0,1,6,1055,0.06439208984375
63,63,1,0,1,7,2408,0.14697265625
63,63,1,0,1,8,3784,0.23095703125
63,63,1,0,1,9,2199,0.13421630859375
63,63,1,0,1,10,948,0.057861328125
63,63,1,0,1,11,752,0.0458984375
63,63,1,0,1,12,438,0.0267333984375
63,63,1,0,1,13,328,0.02001953125
63,63,1,0,1,14,314,0.0191650390625
63,63,1,0,1,15,233,0.01422119140625
63,63,1,0,1,16,564,0.034423828125
63,63,1,0,1,17,1382,0.0843505859375
63,63,2,1,0,0,182,0.0111083984375
63,63,2,1,0,1,186,0.0113525390625
63,63,2,1,0,2,216,0.01318359375
63,63,2,1,0,3,365,0.02227783203125
63,63,2,1,0,4,321,0.01959228515625
63,63,2,1,0,5,522,0.0318603515625
63,63,2,1,0,6,893,0.05450439453125
63,63,2,1,0,7,2180,0.133056640625
63,63,2,1,0,8,3812,0.232666015625
63,63,2,1,0,9,2386,0.1456298828125
63,63,2,1,0,10,1048,0.06396484375
63,63,2,1,0,11,848,0.0517578125
63,63,2,1,0,12,414,0.0252685546875
63,63,2,1,0,13,379,0.02313232421875
63,63,2,1,0,14,323,0.01971435546875
63,63,2,1,0,15,215,0.01312255859375
63,63,2,1,0,16,847,0.05169677734375
63,63,2,1,0,17,1247,0.07611083984375
63,63,3,1,1,0,152,0.00927734375
63,63,3,1,1,1,161,0.00982666015625
63,63,3,1,1,2,265,0.01617431640625
63,63,3,1,1,3,325,0.01983642578125
63,63,3,1,1,4,342,0.0208740234375
63,63,3,1,1,5,568,0.03466796875
63,63,3,1,1,6,998,0.0609130859375
63,63,3,1,1,7,2224,0.1357421875
63,63,3,1,1,8,3048,0.18603515625
63,63,3,1,1,9,2448,0.1494140625
63,63,3,1,1,10,1225,0.07476806640625
63,63,3,1,1,11,1051,0.06414794921875
63,63,3,1,1,12,573,0.03497314453125
63,63,3,1,1,13,429,0.02618408203125
63,63,3,1,1,14,333,0.02032470703125
63,63,3,1,1,15,199,0.01214599609375
63,63,3,1,1,16,799,0.04876708984375
63,63,3,1,1,17,1244,0.075927734375
64,64,0,0,0,0,140,0.008544921875
64,64,0,0,0,1,283,0.01727294921875
64,64,0,0,0,2,326,0.0198974609375
64,64,0,0,0,3,338,0.0206298828125
64,64,0,0,0,4,375,0.02288818359375
64,64,0,0,0,5,560,0.0341796875
64,64,0,0,0,6,871,0.05316162109375
64,64,0,0,0,7,2103,0.12835693359375
64,64,0,0,0,8,4601,0.28082275390625
64,64,0,0,0,9,1844,0.112548828125
64,64,0,0,0,10,649,0.03961181640625
64,64,0,0,0,11,606,0.0369873046875
64,64,0,0,0,12,315,0.01922607421875
64,64,0,0,0,13,280,0.01708984375
64,64,0,0,0,14,344,0.02099609375
64,64,0,0,0,15,351,0.02142333984375
64,64,0,0,0,16,857,0.05230712890625
64,64,0,0,0,17,1541,0.09405517578125
64,64,1,0,1,0,162,0.0098876953125
64,64,1,0,1,1,170,0.0103759765625
64,64,1,0,1,2,243,0.01483154296875
64,64,1,0,1,3,376,0.02294921875
64,64,1,0,1,4,382,0.0233154296875
64,64,1,0,1,5,648,0.03955078125
64,64,1,0,1,6,1053,0.06427001953125
64,64,1,0,1,7,2404,0.146728515625
64,64,1,0,1,8,3787,0.23114013671875
64,64,1,0,1,9,2206,0.1346435546875
64,64,1,0,1,10,942,0.0574951171875
64,64,1,0,1,11,746,0.0455322265625
64,64,1,0,1,12,440,0.02685546875
64,64,1,0,1,13,329,0.02008056640625
64,64,1,0,1,14,316,0.019287109375
64,64,1,0,1,15,235,0.01434326171875
64,64,1,0,1,16,560,0.0341796875
64,64,1,0,1,17,1385,0.08453369140625
64,64,2,1,0,0,184,0.01123046875
64,64,2,1,0,1,185,0.01129150390625
64,64,2,1,0,2,217,0.01324462890625
64,64,2,1,0,3,369,0.02252197265625
64,64,2,1,0,4,320,0.01953125
64,64,2,1,0,5,522,0.0318603515625
64,64,2,1,0,6,891,0.05438232421875
64,64,2,1,0,7,2185,0.13336181640625
64,64,2,1,0,8,3793,0.23150634765625
64,64,2,1,0,9,2392,0.14599609375
64,64,2,1,0,10,1050,0.0640869140625
64,64,2,1,0,11,845,0.05157470703125
64,64,2,1,0,12,411,0.02508544921875
64,64,2,1,0,13,380,0.023193359375
64,64,2,1,0,14,328,0.02001953125
64,64,2,1,0,15,215,0.01312255859375
64,64,2,1,0,16,845,0.05157470703125
64,64,2,1,0,17,1252,0.076416015625
64,64,3,1,1,0,150,0.0091552734375
64,64,3,1,1,1,160,0.009765625
64,64,3,1,1,2,264,0.01611328125
64,64,3,1,1,3,325,0.01983642578125
64,64,3,1,1,4,344,0.02099609375
64,64,3,1,1,5,573,0.03497314453125
64,64,3,1,1,6,982,0.0599365234375
64,64,3,1,1,7,2224,0.1357421875
64,64,3,1,1,8,3067,0.18719482421875
64,64,3,1,1,9,2440,0.14892578125
64,64,3,1,1,10,1225,0.07476806640625
64,64,3,1,1,11,1052,0.064208984375
64,64,3,1,1,12,566,0.0345458984375
64,64,3,1,1,13,430,0.0262451171875
64,64,3,1,1,14,333,0.02032470703125
64,64,3,1,1,15,196,0.011962890625
64,64,3,1,1,16,799,0.04876708984375
64,64,3,1,1,17,1254,0.0765380859375
